panel,series,point,x_label,y_label,x,y,finite
1,Kp = 0.5,0,Time [s],Liquid Level [%],0.0,50.0,True
1,Kp = 0.5,1,Time [s],Liquid Level [%],0.5,50.0,True
1,Kp = 0.5,2,Time [s],Liquid Level [%],1.0,50.0,True
1,Kp = 0.5,3,Time [s],Liquid Level [%],1.5,50.0,True
1,Kp = 0.5,4,Time [s],Liquid Level [%],2.0,50.0,True
1,Kp = 0.5,5,Time [s],Liquid Level [%],2.5,50.0,True
1,Kp = 0.5,6,Time [s],Liquid Level [%],3.0,50.0,True
1,Kp = 0.5,7,Time [s],Liquid Level [%],3.5,50.0,True
1,Kp = 0.5,8,Time [s],Liquid Level [%],4.0,50.0,True
1,Kp = 0.5,9,Time [s],Liquid Level [%],4.5,50.0,True
1,Kp = 0.5,10,Time [s],Liquid Level [%],5.0,50.0,True
1,Kp = 0.5,11,Time [s],Liquid Level [%],5.5,50.0,True
1,Kp = 0.5,12,Time [s],Liquid Level [%],6.0,50.0,True
1,Kp = 0.5,13,Time [s],Liquid Level [%],6.5,50.0,True
1,Kp = 0.5,14,Time [s],Liquid Level [%],7.0,50.0,True
1,Kp = 0.5,15,Time [s],Liquid Level [%],7.5,50.0,True
1,Kp = 0.5,16,Time [s],Liquid Level [%],8.0,50.0,True
1,Kp = 0.5,17,Time [s],Liquid Level [%],8.5,50.0,True
1,Kp = 0.5,18,Time [s],Liquid Level [%],9.0,50.0,True
1,Kp = 0.5,19,Time [s],Liquid Level [%],9.5,50.0,True
1,Kp = 0.5,20,Time [s],Liquid Level [%],10.0,50.0,True
1,Kp = 0.5,21,Time [s],Liquid Level [%],10.5,50.0,True
1,Kp = 0.5,22,Time [s],Liquid Level [%],11.0,50.0,True
1,Kp = 0.5,23,Time [s],Liquid Level [%],11.5,50.0,True
1,Kp = 0.5,24,Time [s],Liquid Level [%],12.0,50.0,True
1,Kp = 0.5,25,Time [s],Liquid Level [%],12.5,50.0,True
1,Kp = 0.5,26,Time [s],Liquid Level [%],13.0,50.0,True
1,Kp = 0.5,27,Time [s],Liquid Level [%],13.5,50.0,True
1,Kp = 0.5,28,Time [s],Liquid Level [%],14.0,50.0,True
1,Kp = 0.5,29,Time [s],Liquid Level [%],14.5,50.0,True
1,Kp = 0.5,30,Time [s],Liquid Level [%],15.0,50.0,True
1,Kp = 0.5,31,Time [s],Liquid Level [%],15.5,50.0,True
1,Kp = 0.5,32,Time [s],Liquid Level [%],16.0,50.0,True
1,Kp = 0.5,33,Time [s],Liquid Level [%],16.5,50.0,True
1,Kp = 0.5,34,Time [s],Liquid Level [%],17.0,50.0,True
1,Kp = 0.5,35,Time [s],Liquid Level [%],17.5,50.0,True
1,Kp = 0.5,36,Time [s],Liquid Level [%],18.0,50.0,True
1,Kp = 0.5,37,Time [s],Liquid Level [%],18.5,50.0,True
1,Kp = 0.5,38,Time [s],Liquid Level [%],19.0,50.0,True
1,Kp = 0.5,39,Time [s],Liquid Level [%],19.5,50.0,True
1,Kp = 0.5,40,Time [s],Liquid Level [%],20.0,50.0,True
1,Kp = 0.5,41,Time [s],Liquid Level [%],20.5,50.0,True
1,Kp = 0.5,42,Time [s],Liquid Level [%],21.0,50.0,True
1,Kp = 0.5,43,Time [s],Liquid Level [%],21.5,50.0,True
1,Kp = 0.5,44,Time [s],Liquid Level [%],22.0,50.0,True
1,Kp = 0.5,45,Time [s],Liquid Level [%],22.5,50.0,True
1,Kp = 0.5,46,Time [s],Liquid Level [%],23.0,50.0,True
1,Kp = 0.5,47,Time [s],Liquid Level [%],23.5,50.0,True
1,Kp = 0.5,48,Time [s],Liquid Level [%],24.0,50.0,True
1,Kp = 0.5,49,Time [s],Liquid Level [%],24.5,50.0,True
1,Kp = 0.5,50,Time [s],Liquid Level [%],25.0,50.0,True
1,Kp = 0.5,51,Time [s],Liquid Level [%],25.5,50.0,True
1,Kp = 0.5,52,Time [s],Liquid Level [%],26.0,50.0,True
1,Kp = 0.5,53,Time [s],Liquid Level [%],26.5,50.0,True
1,Kp = 0.5,54,Time [s],Liquid Level [%],27.0,50.0,True
1,Kp = 0.5,55,Time [s],Liquid Level [%],27.5,50.0,True
1,Kp = 0.5,56,Time [s],Liquid Level [%],28.0,50.0,True
1,Kp = 0.5,57,Time [s],Liquid Level [%],28.5,50.0,True
1,Kp = 0.5,58,Time [s],Liquid Level [%],29.0,50.0,True
1,Kp = 0.5,59,Time [s],Liquid Level [%],29.5,50.0,True
1,Kp = 0.5,60,Time [s],Liquid Level [%],30.0,50.0,True
1,Kp = 0.5,61,Time [s],Liquid Level [%],30.5,50.0,True
1,Kp = 0.5,62,Time [s],Liquid Level [%],31.0,50.0,True
1,Kp = 0.5,63,Time [s],Liquid Level [%],31.5,50.0,True
1,Kp = 0.5,64,Time [s],Liquid Level [%],32.0,50.0,True
1,Kp = 0.5,65,Time [s],Liquid Level [%],32.5,50.0,True
1,Kp = 0.5,66,Time [s],Liquid Level [%],33.0,50.0,True
1,Kp = 0.5,67,Time [s],Liquid Level [%],33.5,50.0,True
1,Kp = 0.5,68,Time [s],Liquid Level [%],34.0,50.0,True
1,Kp = 0.5,69,Time [s],Liquid Level [%],34.5,50.0,True
1,Kp = 0.5,70,Time [s],Liquid Level [%],35.0,50.0,True
1,Kp = 0.5,71,Time [s],Liquid Level [%],35.5,50.0,True
1,Kp = 0.5,72,Time [s],Liquid Level [%],36.0,50.0,True
1,Kp = 0.5,73,Time [s],Liquid Level [%],36.5,50.0,True
1,Kp = 0.5,74,Time [s],Liquid Level [%],37.0,50.0,True
1,Kp = 0.5,75,Time [s],Liquid Level [%],37.5,50.0,True
1,Kp = 0.5,76,Time [s],Liquid Level [%],38.0,50.0,True
1,Kp = 0.5,77,Time [s],Liquid Level [%],38.5,50.0,True
1,Kp = 0.5,78,Time [s],Liquid Level [%],39.0,50.0,True
1,Kp = 0.5,79,Time [s],Liquid Level [%],39.5,50.0,True
1,Kp = 0.5,80,Time [s],Liquid Level [%],40.0,50.0,True
1,Kp = 0.5,81,Time [s],Liquid Level [%],40.5,50.0,True
1,Kp = 0.5,82,Time [s],Liquid Level [%],41.0,50.0,True
1,Kp = 0.5,83,Time [s],Liquid Level [%],41.5,50.0,True
1,Kp = 0.5,84,Time [s],Liquid Level [%],42.0,50.0,True
1,Kp = 0.5,85,Time [s],Liquid Level [%],42.5,50.0,True
1,Kp = 0.5,86,Time [s],Liquid Level [%],43.0,50.0,True
1,Kp = 0.5,87,Time [s],Liquid Level [%],43.5,50.0,True
1,Kp = 0.5,88,Time [s],Liquid Level [%],44.0,50.0,True
1,Kp = 0.5,89,Time [s],Liquid Level [%],44.5,50.0,True
1,Kp = 0.5,90,Time [s],Liquid Level [%],45.0,50.0,True
1,Kp = 0.5,91,Time [s],Liquid Level [%],45.5,50.0,True
1,Kp = 0.5,92,Time [s],Liquid Level [%],46.0,50.0,True
1,Kp = 0.5,93,Time [s],Liquid Level [%],46.5,50.0,True
1,Kp = 0.5,94,Time [s],Liquid Level [%],47.0,50.0,True
1,Kp = 0.5,95,Time [s],Liquid Level [%],47.5,50.0,True
1,Kp = 0.5,96,Time [s],Liquid Level [%],48.0,50.0,True
1,Kp = 0.5,97,Time [s],Liquid Level [%],48.5,50.0,True
1,Kp = 0.5,98,Time [s],Liquid Level [%],49.0,50.0,True
1,Kp = 0.5,99,Time [s],Liquid Level [%],49.5,50.0,True
1,Kp = 0.5,100,Time [s],Liquid Level [%],50.0,50.125,True
1,Kp = 0.5,101,Time [s],Liquid Level [%],50.5,50.250011464843745,True
1,Kp = 0.5,102,Time [s],Liquid Level [%],51.0,50.37502398542654,True
1,Kp = 0.5,103,Time [s],Liquid Level [%],51.5,50.50003756740081,True
1,Kp = 0.5,104,Time [s],Liquid Level [%],52.0,50.625052217287006,True
1,Kp = 0.5,105,Time [s],Liquid Level [%],52.5,50.75006794160575,True
1,Kp = 0.5,106,Time [s],Liquid Level [%],53.0,50.87508474687776,True
1,Kp = 0.5,107,Time [s],Liquid Level [%],53.5,51.000102639623904,True
1,Kp = 0.5,108,Time [s],Liquid Level [%],54.0,51.125121626365114,True
1,Kp = 0.5,109,Time [s],Liquid Level [%],54.5,51.25014171362247,True
1,Kp = 0.5,110,Time [s],Liquid Level [%],55.0,51.37516290791714,True
1,Kp = 0.5,111,Time [s],Liquid Level [%],55.5,51.50018521577041,True
1,Kp = 0.5,112,Time [s],Liquid Level [%],56.0,51.6252086437037,True
1,Kp = 0.5,113,Time [s],Liquid Level [%],56.5,51.75023319823852,True
1,Kp = 0.5,114,Time [s],Liquid Level [%],57.0,51.87525888589648,True
1,Kp = 0.5,115,Time [s],Liquid Level [%],57.5,52.00028571319933,True
1,Kp = 0.5,116,Time [s],Liquid Level [%],58.0,52.12531368666893,True
1,Kp = 0.5,117,Time [s],Liquid Level [%],58.5,52.25034281282724,True
1,Kp = 0.5,118,Time [s],Liquid Level [%],59.0,52.375373098196356,True
1,Kp = 0.5,119,Time [s],Liquid Level [%],59.5,52.50040454929845,True
1,Kp = 0.5,120,Time [s],Liquid Level [%],60.0,52.625437172655865,True
1,Kp = 0.5,121,Time [s],Liquid Level [%],60.5,52.75047097479101,True
1,Kp = 0.5,122,Time [s],Liquid Level [%],61.0,52.875505962226434,True
1,Kp = 0.5,123,Time [s],Liquid Level [%],61.5,53.0005421414848,True
1,Kp = 0.5,124,Time [s],Liquid Level [%],62.0,53.12557951908887,True
1,Kp = 0.5,125,Time [s],Liquid Level [%],62.5,53.250618101561564,True
1,Kp = 0.5,126,Time [s],Liquid Level [%],63.0,53.375657895425874,True
1,Kp = 0.5,127,Time [s],Liquid Level [%],63.5,53.500698907204935,True
1,Kp = 0.5,128,Time [s],Liquid Level [%],64.0,53.625741143421976,True
1,Kp = 0.5,129,Time [s],Liquid Level [%],64.5,53.75078461060038,True
1,Kp = 0.5,130,Time [s],Liquid Level [%],65.0,53.87582931526362,True
1,Kp = 0.5,131,Time [s],Liquid Level [%],65.5,54.0008752639353,True
1,Kp = 0.5,132,Time [s],Liquid Level [%],66.0,54.12592246313914,True
1,Kp = 0.5,133,Time [s],Liquid Level [%],66.5,54.25097091939898,True
1,Kp = 0.5,134,Time [s],Liquid Level [%],67.0,54.376020639238774,True
1,Kp = 0.5,135,Time [s],Liquid Level [%],67.5,54.501071629182604,True
1,Kp = 0.5,136,Time [s],Liquid Level [%],68.0,54.62612389575469,True
1,Kp = 0.5,137,Time [s],Liquid Level [%],68.5,54.75117744547933,True
1,Kp = 0.5,138,Time [s],Liquid Level [%],69.0,54.87623228488096,True
1,Kp = 0.5,139,Time [s],Liquid Level [%],69.5,55.00128842048417,True
1,Kp = 0.5,140,Time [s],Liquid Level [%],70.0,55.12634585881363,True
1,Kp = 0.5,141,Time [s],Liquid Level [%],70.5,55.251404606394146,True
1,Kp = 0.5,142,Time [s],Liquid Level [%],71.0,55.37646466975066,True
1,Kp = 0.5,143,Time [s],Liquid Level [%],71.5,55.50152605540821,True
1,Kp = 0.5,144,Time [s],Liquid Level [%],72.0,55.62658876989198,True
1,Kp = 0.5,145,Time [s],Liquid Level [%],72.5,55.75165281972727,True
1,Kp = 0.5,146,Time [s],Liquid Level [%],73.0,55.87671821143951,True
1,Kp = 0.5,147,Time [s],Liquid Level [%],73.5,56.00178495155424,True
1,Kp = 0.5,148,Time [s],Liquid Level [%],74.0,56.12685304659715,True
1,Kp = 0.5,149,Time [s],Liquid Level [%],74.5,56.25192250309401,True
1,Kp = 0.5,150,Time [s],Liquid Level [%],75.0,56.376993327570766,True
1,Kp = 0.5,151,Time [s],Liquid Level [%],75.5,56.50206552655346,True
1,Kp = 0.5,152,Time [s],Liquid Level [%],76.0,56.62713910656827,True
1,Kp = 0.5,153,Time [s],Liquid Level [%],76.5,56.75221407414149,True
1,Kp = 0.5,154,Time [s],Liquid Level [%],77.0,56.87729043579955,True
1,Kp = 0.5,155,Time [s],Liquid Level [%],77.5,57.00236819806902,True
1,Kp = 0.5,156,Time [s],Liquid Level [%],78.0,57.127447367476556,True
1,Kp = 0.5,157,Time [s],Liquid Level [%],78.5,57.252527950548995,True
1,Kp = 0.5,158,Time [s],Liquid Level [%],79.0,57.377609953813256,True
1,Kp = 0.5,159,Time [s],Liquid Level [%],79.5,57.50269338379641,True
1,Kp = 0.5,160,Time [s],Liquid Level [%],80.0,57.62777824702565,True
1,Kp = 0.5,161,Time [s],Liquid Level [%],80.5,57.75286455002831,True
1,Kp = 0.5,162,Time [s],Liquid Level [%],81.0,57.877952299331845,True
1,Kp = 0.5,163,Time [s],Liquid Level [%],81.5,58.00304150146383,True
1,Kp = 0.5,164,Time [s],Liquid Level [%],82.0,58.12813216295197,True
1,Kp = 0.5,165,Time [s],Liquid Level [%],82.5,58.25322429032413,True
1,Kp = 0.5,166,Time [s],Liquid Level [%],83.0,58.37831789010826,True
1,Kp = 0.5,167,Time [s],Liquid Level [%],83.5,58.50341296883248,True
1,Kp = 0.5,168,Time [s],Liquid Level [%],84.0,58.62850953302503,True
1,Kp = 0.5,169,Time [s],Liquid Level [%],84.5,58.753607589214276,True
1,Kp = 0.5,170,Time [s],Liquid Level [%],85.0,58.87870714392872,True
1,Kp = 0.5,171,Time [s],Liquid Level [%],85.5,59.00380820369699,True
1,Kp = 0.5,172,Time [s],Liquid Level [%],86.0,59.12891077504787,True
1,Kp = 0.5,173,Time [s],Liquid Level [%],86.5,59.25401486451024,True
1,Kp = 0.5,174,Time [s],Liquid Level [%],87.0,59.37912047861313,True
1,Kp = 0.5,175,Time [s],Liquid Level [%],87.5,59.50422762388573,True
1,Kp = 0.5,176,Time [s],Liquid Level [%],88.0,59.62933630685732,True
1,Kp = 0.5,177,Time [s],Liquid Level [%],88.5,59.75444653405734,True
1,Kp = 0.5,178,Time [s],Liquid Level [%],89.0,59.879558312015355,True
1,Kp = 0.5,179,Time [s],Liquid Level [%],89.5,60.00467164726109,True
1,Kp = 0.5,180,Time [s],Liquid Level [%],90.0,60.12978654632437,True
1,Kp = 0.5,181,Time [s],Liquid Level [%],90.5,60.25490301573518,True
1,Kp = 0.5,182,Time [s],Liquid Level [%],91.0,60.38002106202364,True
1,Kp = 0.5,183,Time [s],Liquid Level [%],91.5,60.50514069171997,True
1,Kp = 0.5,184,Time [s],Liquid Level [%],92.0,60.63026191135459,True
1,Kp = 0.5,185,Time [s],Liquid Level [%],92.5,60.75538472745801,True
1,Kp = 0.5,186,Time [s],Liquid Level [%],93.0,60.88050914656088,True
1,Kp = 0.5,187,Time [s],Liquid Level [%],93.5,61.005635175194016,True
1,Kp = 0.5,188,Time [s],Liquid Level [%],94.0,61.13076281988835,True
1,Kp = 0.5,189,Time [s],Liquid Level [%],94.5,61.255892087174956,True
1,Kp = 0.5,190,Time [s],Liquid Level [%],95.0,61.381022983585055,True
1,Kp = 0.5,191,Time [s],Liquid Level [%],95.5,61.50615551564999,True
1,Kp = 0.5,192,Time [s],Liquid Level [%],96.0,61.63128968990127,True
1,Kp = 0.5,193,Time [s],Liquid Level [%],96.5,61.756425512870514,True
1,Kp = 0.5,194,Time [s],Liquid Level [%],97.0,61.88156299108951,True
1,Kp = 0.5,195,Time [s],Liquid Level [%],97.5,62.00670213109017,True
1,Kp = 0.5,196,Time [s],Liquid Level [%],98.0,62.13184293940455,True
1,Kp = 0.5,197,Time [s],Liquid Level [%],98.5,62.25698542256484,True
1,Kp = 0.5,198,Time [s],Liquid Level [%],99.0,62.382129587103385,True
1,Kp = 0.5,199,Time [s],Liquid Level [%],99.5,62.507275439552664,True
1,Kp = 0.5,200,Time [s],Liquid Level [%],100.0,62.63242298644531,True
1,Kp = 0.5,201,Time [s],Liquid Level [%],100.5,62.757572234314075,True
1,Kp = 0.5,202,Time [s],Liquid Level [%],101.0,62.882723189691866,True
1,Kp = 0.5,203,Time [s],Liquid Level [%],101.5,63.00787585911175,True
1,Kp = 0.5,204,Time [s],Liquid Level [%],102.0,63.13303024910692,True
1,Kp = 0.5,205,Time [s],Liquid Level [%],102.5,63.25818636621072,True
1,Kp = 0.5,206,Time [s],Liquid Level [%],103.0,63.38334421695663,True
1,Kp = 0.5,207,Time [s],Liquid Level [%],103.5,63.50850380787827,True
1,Kp = 0.5,208,Time [s],Liquid Level [%],104.0,63.63366514550942,True
1,Kp = 0.5,209,Time [s],Liquid Level [%],104.5,63.758828236384005,True
1,Kp = 0.5,210,Time [s],Liquid Level [%],105.0,63.88399308703608,True
1,Kp = 0.5,211,Time [s],Liquid Level [%],105.5,64.00915970399987,True
1,Kp = 0.5,212,Time [s],Liquid Level [%],106.0,64.13432809380973,True
1,Kp = 0.5,213,Time [s],Liquid Level [%],106.5,64.25949826300017,True
1,Kp = 0.5,214,Time [s],Liquid Level [%],107.0,64.38467021810584,True
1,Kp = 0.5,215,Time [s],Liquid Level [%],107.5,64.50984396566152,True
1,Kp = 0.5,216,Time [s],Liquid Level [%],108.0,64.63501951220218,True
1,Kp = 0.5,217,Time [s],Liquid Level [%],108.5,64.76019686426291,True
1,Kp = 0.5,218,Time [s],Liquid Level [%],109.0,64.88537602837894,True
1,Kp = 0.5,219,Time [s],Liquid Level [%],109.5,65.0105570110857,True
1,Kp = 0.5,220,Time [s],Liquid Level [%],110.0,65.13573981891871,True
1,Kp = 0.5,221,Time [s],Liquid Level [%],110.5,65.26092445841365,True
1,Kp = 0.5,222,Time [s],Liquid Level [%],111.0,65.38611093610638,True
1,Kp = 0.5,223,Time [s],Liquid Level [%],111.5,65.51129925853287,True
1,Kp = 0.5,224,Time [s],Liquid Level [%],112.0,65.6364894322293,True
1,Kp = 0.5,225,Time [s],Liquid Level [%],112.5,65.76168146373192,True
1,Kp = 0.5,226,Time [s],Liquid Level [%],113.0,65.88687535957722,True
1,Kp = 0.5,227,Time [s],Liquid Level [%],113.5,66.01207112630175,True
1,Kp = 0.5,228,Time [s],Liquid Level [%],114.0,66.13726877044229,True
1,Kp = 0.5,229,Time [s],Liquid Level [%],114.5,66.26246829853572,True
1,Kp = 0.5,230,Time [s],Liquid Level [%],115.0,66.38766971711911,True
1,Kp = 0.5,231,Time [s],Liquid Level [%],115.5,66.51287303272967,True
1,Kp = 0.5,232,Time [s],Liquid Level [%],116.0,66.63807825190474,True
1,Kp = 0.5,233,Time [s],Liquid Level [%],116.5,66.76328538118184,True
1,Kp = 0.5,234,Time [s],Liquid Level [%],117.0,66.88849442709865,True
1,Kp = 0.5,235,Time [s],Liquid Level [%],117.5,67.01370539619298,True
1,Kp = 0.5,236,Time [s],Liquid Level [%],118.0,67.13891829500281,True
1,Kp = 0.5,237,Time [s],Liquid Level [%],118.5,67.26413313006626,True
1,Kp = 0.5,238,Time [s],Liquid Level [%],119.0,67.38934990792161,True
1,Kp = 0.5,239,Time [s],Liquid Level [%],119.5,67.51456863510732,True
1,Kp = 0.5,240,Time [s],Liquid Level [%],120.0,67.639789318162,True
1,Kp = 0.5,241,Time [s],Liquid Level [%],120.5,67.76501196362437,True
1,Kp = 0.5,242,Time [s],Liquid Level [%],121.0,67.89023657803338,True
1,Kp = 0.5,243,Time [s],Liquid Level [%],121.5,68.01546316792808,True
1,Kp = 0.5,244,Time [s],Liquid Level [%],122.0,68.14069173984767,True
1,Kp = 0.5,245,Time [s],Liquid Level [%],122.5,68.26592230033157,True
1,Kp = 0.5,246,Time [s],Liquid Level [%],123.0,68.3911548559193,True
1,Kp = 0.5,247,Time [s],Liquid Level [%],123.5,68.51638941315056,True
1,Kp = 0.5,248,Time [s],Liquid Level [%],124.0,68.64162597856523,True
1,Kp = 0.5,249,Time [s],Liquid Level [%],124.5,68.7668645587033,True
1,Kp = 0.5,250,Time [s],Liquid Level [%],125.0,68.89210516010496,True
1,Kp = 0.5,251,Time [s],Liquid Level [%],125.5,69.01734778931056,True
1,Kp = 0.5,252,Time [s],Liquid Level [%],126.0,69.14259245286058,True
1,Kp = 0.5,253,Time [s],Liquid Level [%],126.5,69.26783915729568,True
1,Kp = 0.5,254,Time [s],Liquid Level [%],127.0,69.39308790915669,True
1,Kp = 0.5,255,Time [s],Liquid Level [%],127.5,69.51833871498458,True
1,Kp = 0.5,256,Time [s],Liquid Level [%],128.0,69.64359158132048,True
1,Kp = 0.5,257,Time [s],Liquid Level [%],128.5,69.7688465147057,True
1,Kp = 0.5,258,Time [s],Liquid Level [%],129.0,69.89410352168173,True
1,Kp = 0.5,259,Time [s],Liquid Level [%],129.5,70.01936260879016,True
1,Kp = 0.5,260,Time [s],Liquid Level [%],130.0,70.14462378257281,True
1,Kp = 0.5,261,Time [s],Liquid Level [%],130.5,70.2698870495716,True
1,Kp = 0.5,262,Time [s],Liquid Level [%],131.0,70.39515241632867,True
1,Kp = 0.5,263,Time [s],Liquid Level [%],131.5,70.5204198893863,True
1,Kp = 0.5,264,Time [s],Liquid Level [%],132.0,70.64568947528694,True
1,Kp = 0.5,265,Time [s],Liquid Level [%],132.5,70.7709611805732,True
1,Kp = 0.5,266,Time [s],Liquid Level [%],133.0,70.89623501178782,True
1,Kp = 0.5,267,Time [s],Liquid Level [%],133.5,71.02151097547379,True
1,Kp = 0.5,268,Time [s],Liquid Level [%],134.0,71.1467890781742,True
1,Kp = 0.5,269,Time [s],Liquid Level [%],134.5,71.27206932643229,True
1,Kp = 0.5,270,Time [s],Liquid Level [%],135.0,71.39735172679154,True
1,Kp = 0.5,271,Time [s],Liquid Level [%],135.5,71.52263628579553,True
1,Kp = 0.5,272,Time [s],Liquid Level [%],136.0,71.64792300998803,True
1,Kp = 0.5,273,Time [s],Liquid Level [%],136.5,71.773211905913,True
1,Kp = 0.5,274,Time [s],Liquid Level [%],137.0,71.89850298011453,True
1,Kp = 0.5,275,Time [s],Liquid Level [%],137.5,72.0237962391369,True
1,Kp = 0.5,276,Time [s],Liquid Level [%],138.0,72.14909168952455,True
1,Kp = 0.5,277,Time [s],Liquid Level [%],138.5,72.2743893378221,True
1,Kp = 0.5,278,Time [s],Liquid Level [%],139.0,72.3996891905743,True
1,Kp = 0.5,279,Time [s],Liquid Level [%],139.5,72.52499125432615,True
1,Kp = 0.5,280,Time [s],Liquid Level [%],140.0,72.65029553562273,True
1,Kp = 0.5,281,Time [s],Liquid Level [%],140.5,72.77560204100935,True
1,Kp = 0.5,282,Time [s],Liquid Level [%],141.0,72.90091077703146,True
1,Kp = 0.5,283,Time [s],Liquid Level [%],141.5,73.02622175023468,True
1,Kp = 0.5,284,Time [s],Liquid Level [%],142.0,73.15153496716485,True
1,Kp = 0.5,285,Time [s],Liquid Level [%],142.5,73.27685043436789,True
1,Kp = 0.5,286,Time [s],Liquid Level [%],143.0,73.40216815838998,True
1,Kp = 0.5,287,Time [s],Liquid Level [%],143.5,73.52748814577743,True
1,Kp = 0.5,288,Time [s],Liquid Level [%],144.0,73.65281040307673,True
1,Kp = 0.5,289,Time [s],Liquid Level [%],144.5,73.77813493683455,True
1,Kp = 0.5,290,Time [s],Liquid Level [%],145.0,73.90346175359771,True
1,Kp = 0.5,291,Time [s],Liquid Level [%],145.5,74.02879085991323,True
1,Kp = 0.5,292,Time [s],Liquid Level [%],146.0,74.15412226232829,True
1,Kp = 0.5,293,Time [s],Liquid Level [%],146.5,74.27945596739025,True
1,Kp = 0.5,294,Time [s],Liquid Level [%],147.0,74.40479198164664,True
1,Kp = 0.5,295,Time [s],Liquid Level [%],147.5,74.53013031164515,True
1,Kp = 0.5,296,Time [s],Liquid Level [%],148.0,74.65547096393368,True
1,Kp = 0.5,297,Time [s],Liquid Level [%],148.5,74.78081394506029,True
1,Kp = 0.5,298,Time [s],Liquid Level [%],149.0,74.90615926157321,True
1,Kp = 0.5,299,Time [s],Liquid Level [%],149.5,75.03150692002083,True
1,Kp = 0.5,300,Time [s],Liquid Level [%],150.0,75.15685692695175,True
1,Kp = 0.5,301,Time [s],Liquid Level [%],150.5,75.28220928891474,True
1,Kp = 0.5,302,Time [s],Liquid Level [%],151.0,75.40756401245874,True
1,Kp = 0.5,303,Time [s],Liquid Level [%],151.5,75.53292110413285,True
1,Kp = 0.5,304,Time [s],Liquid Level [%],152.0,75.65828057048638,True
1,Kp = 0.5,305,Time [s],Liquid Level [%],152.5,75.7836424180688,True
1,Kp = 0.5,306,Time [s],Liquid Level [%],153.0,75.90900665342976,True
1,Kp = 0.5,307,Time [s],Liquid Level [%],153.5,76.03437328311908,True
1,Kp = 0.5,308,Time [s],Liquid Level [%],154.0,76.15974231368679,True
1,Kp = 0.5,309,Time [s],Liquid Level [%],154.5,76.28511375168308,True
1,Kp = 0.5,310,Time [s],Liquid Level [%],155.0,76.41048760365831,True
1,Kp = 0.5,311,Time [s],Liquid Level [%],155.5,76.53586387616305,True
1,Kp = 0.5,312,Time [s],Liquid Level [%],156.0,76.661242575748,True
1,Kp = 0.5,313,Time [s],Liquid Level [%],156.5,76.78662370896409,True
1,Kp = 0.5,314,Time [s],Liquid Level [%],157.0,76.91200728236241,True
1,Kp = 0.5,315,Time [s],Liquid Level [%],157.5,77.03739330249422,True
1,Kp = 0.5,316,Time [s],Liquid Level [%],158.0,77.16278177591101,True
1,Kp = 0.5,317,Time [s],Liquid Level [%],158.5,77.2881727091644,True
1,Kp = 0.5,318,Time [s],Liquid Level [%],159.0,77.41356610880622,True
1,Kp = 0.5,319,Time [s],Liquid Level [%],159.5,77.53896198138847,True
1,Kp = 0.5,320,Time [s],Liquid Level [%],160.0,77.66436033346334,True
1,Kp = 0.5,321,Time [s],Liquid Level [%],160.5,77.7897611715832,True
1,Kp = 0.5,322,Time [s],Liquid Level [%],161.0,77.9151645023006,True
1,Kp = 0.5,323,Time [s],Liquid Level [%],161.5,78.0405703321683,True
1,Kp = 0.5,324,Time [s],Liquid Level [%],162.0,78.16597866773922,True
1,Kp = 0.5,325,Time [s],Liquid Level [%],162.5,78.29138951556646,True
1,Kp = 0.5,326,Time [s],Liquid Level [%],163.0,78.41680288220333,True
1,Kp = 0.5,327,Time [s],Liquid Level [%],163.5,78.54221877420329,True
1,Kp = 0.5,328,Time [s],Liquid Level [%],164.0,78.66763719812005,True
1,Kp = 0.5,329,Time [s],Liquid Level [%],164.5,78.79305816050743,True
1,Kp = 0.5,330,Time [s],Liquid Level [%],165.0,78.91848166791947,True
1,Kp = 0.5,331,Time [s],Liquid Level [%],165.5,79.04390772691042,True
1,Kp = 0.5,332,Time [s],Liquid Level [%],166.0,79.16933634403469,True
1,Kp = 0.5,333,Time [s],Liquid Level [%],166.5,79.29476752584688,True
1,Kp = 0.5,334,Time [s],Liquid Level [%],167.0,79.42020127890179,True
1,Kp = 0.5,335,Time [s],Liquid Level [%],167.5,79.54563760975438,True
1,Kp = 0.5,336,Time [s],Liquid Level [%],168.0,79.67107652495984,True
1,Kp = 0.5,337,Time [s],Liquid Level [%],168.5,79.79651803107353,True
1,Kp = 0.5,338,Time [s],Liquid Level [%],169.0,79.921962134651,True
1,Kp = 0.5,339,Time [s],Liquid Level [%],169.5,80.04740884224798,True
1,Kp = 0.5,340,Time [s],Liquid Level [%],170.0,80.1728581604204,True
1,Kp = 0.5,341,Time [s],Liquid Level [%],170.5,80.29831009572437,True
1,Kp = 0.5,342,Time [s],Liquid Level [%],171.0,80.42376465471624,True
1,Kp = 0.5,343,Time [s],Liquid Level [%],171.5,80.54922184395247,True
1,Kp = 0.5,344,Time [s],Liquid Level [%],172.0,80.67468166998977,True
1,Kp = 0.5,345,Time [s],Liquid Level [%],172.5,80.80014413938503,True
1,Kp = 0.5,346,Time [s],Liquid Level [%],173.0,80.9256092586953,True
1,Kp = 0.5,347,Time [s],Liquid Level [%],173.5,81.05107703447788,True
1,Kp = 0.5,348,Time [s],Liquid Level [%],174.0,81.17654747329024,True
1,Kp = 0.5,349,Time [s],Liquid Level [%],174.5,81.30202058169002,True
1,Kp = 0.5,350,Time [s],Liquid Level [%],175.0,81.42749636623506,True
1,Kp = 0.5,351,Time [s],Liquid Level [%],175.5,81.55297483348343,True
1,Kp = 0.5,352,Time [s],Liquid Level [%],176.0,81.67845598999335,True
1,Kp = 0.5,353,Time [s],Liquid Level [%],176.5,81.80393984232327,True
1,Kp = 0.5,354,Time [s],Liquid Level [%],177.0,81.92942639703182,True
1,Kp = 0.5,355,Time [s],Liquid Level [%],177.5,82.0549156606778,True
1,Kp = 0.5,356,Time [s],Liquid Level [%],178.0,82.18040763982026,True
1,Kp = 0.5,357,Time [s],Liquid Level [%],178.5,82.3059023410184,True
1,Kp = 0.5,358,Time [s],Liquid Level [%],179.0,82.43139977083163,True
1,Kp = 0.5,359,Time [s],Liquid Level [%],179.5,82.55689993581956,True
1,Kp = 0.5,360,Time [s],Liquid Level [%],180.0,82.682402842542,True
1,Kp = 0.5,361,Time [s],Liquid Level [%],180.5,82.80790849755896,True
1,Kp = 0.5,362,Time [s],Liquid Level [%],181.0,82.93341690743064,True
1,Kp = 0.5,363,Time [s],Liquid Level [%],181.5,83.05892807871743,True
1,Kp = 0.5,364,Time [s],Liquid Level [%],182.0,83.18444201797995,True
1,Kp = 0.5,365,Time [s],Liquid Level [%],182.5,83.30995873177896,True
1,Kp = 0.5,366,Time [s],Liquid Level [%],183.0,83.4354782266755,True
1,Kp = 0.5,367,Time [s],Liquid Level [%],183.5,83.56100050923074,True
1,Kp = 0.5,368,Time [s],Liquid Level [%],184.0,83.68652558600608,True
1,Kp = 0.5,369,Time [s],Liquid Level [%],184.5,83.81205346356313,True
1,Kp = 0.5,370,Time [s],Liquid Level [%],185.0,83.93758414846367,True
1,Kp = 0.5,371,Time [s],Liquid Level [%],185.5,84.0631176472697,True
1,Kp = 0.5,372,Time [s],Liquid Level [%],186.0,84.18865396654343,True
1,Kp = 0.5,373,Time [s],Liquid Level [%],186.5,84.31419311284725,True
1,Kp = 0.5,374,Time [s],Liquid Level [%],187.0,84.43973509274376,True
1,Kp = 0.5,375,Time [s],Liquid Level [%],187.5,84.56527991279577,True
1,Kp = 0.5,376,Time [s],Liquid Level [%],188.0,84.6908275795663,True
1,Kp = 0.5,377,Time [s],Liquid Level [%],188.5,84.81637809961853,True
1,Kp = 0.5,378,Time [s],Liquid Level [%],189.0,84.94193147951592,True
1,Kp = 0.5,379,Time [s],Liquid Level [%],189.5,85.06748772582205,True
1,Kp = 0.5,380,Time [s],Liquid Level [%],190.0,85.19304684510075,True
1,Kp = 0.5,381,Time [s],Liquid Level [%],190.5,85.31860884391605,True
1,Kp = 0.5,382,Time [s],Liquid Level [%],191.0,85.44417372883218,True
1,Kp = 0.5,383,Time [s],Liquid Level [%],191.5,85.56974150641358,True
1,Kp = 0.5,384,Time [s],Liquid Level [%],192.0,85.69531218322487,True
1,Kp = 0.5,385,Time [s],Liquid Level [%],192.5,85.82088576583092,True
1,Kp = 0.5,386,Time [s],Liquid Level [%],193.0,85.94646226079678,True
1,Kp = 0.5,387,Time [s],Liquid Level [%],193.5,86.0720416746877,True
1,Kp = 0.5,388,Time [s],Liquid Level [%],194.0,86.19762401406913,True
1,Kp = 0.5,389,Time [s],Liquid Level [%],194.5,86.32320928550679,True
1,Kp = 0.5,390,Time [s],Liquid Level [%],195.0,86.44879749556654,True
1,Kp = 0.5,391,Time [s],Liquid Level [%],195.5,86.57438865081444,True
1,Kp = 0.5,392,Time [s],Liquid Level [%],196.0,86.69998275781681,True
1,Kp = 0.5,393,Time [s],Liquid Level [%],196.5,86.82557982314016,True
1,Kp = 0.5,394,Time [s],Liquid Level [%],197.0,86.9511798533512,True
1,Kp = 0.5,395,Time [s],Liquid Level [%],197.5,87.07678285501684,True
1,Kp = 0.5,396,Time [s],Liquid Level [%],198.0,87.20238883470424,True
1,Kp = 0.5,397,Time [s],Liquid Level [%],198.5,87.3279977989807,True
1,Kp = 0.5,398,Time [s],Liquid Level [%],199.0,87.45360975441382,True
1,Kp = 0.5,399,Time [s],Liquid Level [%],199.5,87.57922470757133,True
1,Kp = 0.5,400,Time [s],Liquid Level [%],200.0,87.7048426650212,True
1,Kp = 0.5,401,Time [s],Liquid Level [%],200.5,87.83046363333165,True
1,Kp = 0.5,402,Time [s],Liquid Level [%],201.0,87.95608761907104,True
1,Kp = 0.5,403,Time [s],Liquid Level [%],201.5,88.081714628808,True
1,Kp = 0.5,404,Time [s],Liquid Level [%],202.0,88.20734466911135,True
1,Kp = 0.5,405,Time [s],Liquid Level [%],202.5,88.33297774655011,True
1,Kp = 0.5,406,Time [s],Liquid Level [%],203.0,88.45861386769354,True
1,Kp = 0.5,407,Time [s],Liquid Level [%],203.5,88.58425303911108,True
1,Kp = 0.5,408,Time [s],Liquid Level [%],204.0,88.70989526737243,True
1,Kp = 0.5,409,Time [s],Liquid Level [%],204.5,88.83554055904746,True
1,Kp = 0.5,410,Time [s],Liquid Level [%],205.0,88.96118892070628,True
1,Kp = 0.5,411,Time [s],Liquid Level [%],205.5,89.08684035891919,True
1,Kp = 0.5,412,Time [s],Liquid Level [%],206.0,89.21249488025674,True
1,Kp = 0.5,413,Time [s],Liquid Level [%],206.5,89.33815249128968,True
1,Kp = 0.5,414,Time [s],Liquid Level [%],207.0,89.46381319858897,True
1,Kp = 0.5,415,Time [s],Liquid Level [%],207.5,89.58947700872577,True
1,Kp = 0.5,416,Time [s],Liquid Level [%],208.0,89.71514392827147,True
1,Kp = 0.5,417,Time [s],Liquid Level [%],208.5,89.8408139637977,True
1,Kp = 0.5,418,Time [s],Liquid Level [%],209.0,89.9664871218763,True
1,Kp = 0.5,419,Time [s],Liquid Level [%],209.5,90.09216340907929,True
1,Kp = 0.5,420,Time [s],Liquid Level [%],210.0,90.21784283197894,True
1,Kp = 0.5,421,Time [s],Liquid Level [%],210.5,90.34352539714774,True
1,Kp = 0.5,422,Time [s],Liquid Level [%],211.0,90.4692111111584,True
1,Kp = 0.5,423,Time [s],Liquid Level [%],211.5,90.59489998058382,True
1,Kp = 0.5,424,Time [s],Liquid Level [%],212.0,90.72059201199714,True
1,Kp = 0.5,425,Time [s],Liquid Level [%],212.5,90.84628721197173,True
1,Kp = 0.5,426,Time [s],Liquid Level [%],213.0,90.97198558708114,True
1,Kp = 0.5,427,Time [s],Liquid Level [%],213.5,91.0976871438992,True
1,Kp = 0.5,428,Time [s],Liquid Level [%],214.0,91.2233918889999,True
1,Kp = 0.5,429,Time [s],Liquid Level [%],214.5,91.34909982895752,True
1,Kp = 0.5,430,Time [s],Liquid Level [%],215.0,91.47481097034648,True
1,Kp = 0.5,431,Time [s],Liquid Level [%],215.5,91.60052531974146,True
1,Kp = 0.5,432,Time [s],Liquid Level [%],216.0,91.7262428837174,True
1,Kp = 0.5,433,Time [s],Liquid Level [%],216.5,91.85196366884941,True
1,Kp = 0.5,434,Time [s],Liquid Level [%],217.0,91.97768768171282,True
1,Kp = 0.5,435,Time [s],Liquid Level [%],217.5,92.10341492888321,True
1,Kp = 0.5,436,Time [s],Liquid Level [%],218.0,92.22914541693639,True
1,Kp = 0.5,437,Time [s],Liquid Level [%],218.5,92.35487915244836,True
1,Kp = 0.5,438,Time [s],Liquid Level [%],219.0,92.48061614199538,True
1,Kp = 0.5,439,Time [s],Liquid Level [%],219.5,92.60635639215391,True
1,Kp = 0.5,440,Time [s],Liquid Level [%],220.0,92.73209990950063,True
1,Kp = 0.5,441,Time [s],Liquid Level [%],220.5,92.85784670061247,True
1,Kp = 0.5,442,Time [s],Liquid Level [%],221.0,92.98359677206656,True
1,Kp = 0.5,443,Time [s],Liquid Level [%],221.5,93.10935013044028,True
1,Kp = 0.5,444,Time [s],Liquid Level [%],222.0,93.23510678231119,True
1,Kp = 0.5,445,Time [s],Liquid Level [%],222.5,93.36086673425716,True
1,Kp = 0.5,446,Time [s],Liquid Level [%],223.0,93.4866299928562,True
1,Kp = 0.5,447,Time [s],Liquid Level [%],223.5,93.61239656468659,True
1,Kp = 0.5,448,Time [s],Liquid Level [%],224.0,93.73816645632685,True
1,Kp = 0.5,449,Time [s],Liquid Level [%],224.5,93.86393967435569,True
1,Kp = 0.5,450,Time [s],Liquid Level [%],225.0,93.98971622535207,True
1,Kp = 0.5,451,Time [s],Liquid Level [%],225.5,94.11549611589518,True
1,Kp = 0.5,452,Time [s],Liquid Level [%],226.0,94.24127935256442,True
1,Kp = 0.5,453,Time [s],Liquid Level [%],226.5,94.36706594193944,True
1,Kp = 0.5,454,Time [s],Liquid Level [%],227.0,94.49285589060013,True
1,Kp = 0.5,455,Time [s],Liquid Level [%],227.5,94.61864920512656,True
1,Kp = 0.5,456,Time [s],Liquid Level [%],228.0,94.74444589209908,True
1,Kp = 0.5,457,Time [s],Liquid Level [%],228.5,94.87024595809827,True
1,Kp = 0.5,458,Time [s],Liquid Level [%],229.0,94.99604940970488,True
1,Kp = 0.5,459,Time [s],Liquid Level [%],229.5,95.12185625349998,True
1,Kp = 0.5,460,Time [s],Liquid Level [%],230.0,95.24766649606481,True
1,Kp = 0.5,461,Time [s],Liquid Level [%],230.5,95.37348014398084,True
1,Kp = 0.5,462,Time [s],Liquid Level [%],231.0,95.49929720382983,True
1,Kp = 0.5,463,Time [s],Liquid Level [%],231.5,95.62511768219369,True
1,Kp = 0.5,464,Time [s],Liquid Level [%],232.0,95.75094158565463,True
1,Kp = 0.5,465,Time [s],Liquid Level [%],232.5,95.87676892079507,True
1,Kp = 0.5,466,Time [s],Liquid Level [%],233.0,96.00259969419766,True
1,Kp = 0.5,467,Time [s],Liquid Level [%],233.5,96.12843391244526,True
1,Kp = 0.5,468,Time [s],Liquid Level [%],234.0,96.25427158212104,True
1,Kp = 0.5,469,Time [s],Liquid Level [%],234.5,96.38011270980832,True
1,Kp = 0.5,470,Time [s],Liquid Level [%],235.0,96.5059573020907,True
1,Kp = 0.5,471,Time [s],Liquid Level [%],235.5,96.63180536555201,True
1,Kp = 0.5,472,Time [s],Liquid Level [%],236.0,96.75765690677632,True
1,Kp = 0.5,473,Time [s],Liquid Level [%],236.5,96.8835119323479,True
1,Kp = 0.5,474,Time [s],Liquid Level [%],237.0,97.0093704488513,True
1,Kp = 0.5,475,Time [s],Liquid Level [%],237.5,97.13523246287131,True
1,Kp = 0.5,476,Time [s],Liquid Level [%],238.0,97.26109798099291,True
1,Kp = 0.5,477,Time [s],Liquid Level [%],238.5,97.38696700980137,True
1,Kp = 0.5,478,Time [s],Liquid Level [%],239.0,97.51283955588215,True
1,Kp = 0.5,479,Time [s],Liquid Level [%],239.5,97.63871562582099,True
1,Kp = 0.5,480,Time [s],Liquid Level [%],240.0,97.76459522620384,True
1,Kp = 0.5,481,Time [s],Liquid Level [%],240.5,97.89047836361688,True
1,Kp = 0.5,482,Time [s],Liquid Level [%],241.0,98.01636504464658,True
1,Kp = 0.5,483,Time [s],Liquid Level [%],241.5,98.14225527587959,True
1,Kp = 0.5,484,Time [s],Liquid Level [%],242.0,98.26814906390285,True
1,Kp = 0.5,485,Time [s],Liquid Level [%],242.5,98.3940464153035,True
1,Kp = 0.5,486,Time [s],Liquid Level [%],243.0,98.51994733666896,True
1,Kp = 0.5,487,Time [s],Liquid Level [%],243.5,98.64585183458684,True
1,Kp = 0.5,488,Time [s],Liquid Level [%],244.0,98.77175991564503,True
1,Kp = 0.5,489,Time [s],Liquid Level [%],244.5,98.89767158643166,True
1,Kp = 0.5,490,Time [s],Liquid Level [%],245.0,99.02358685353508,True
1,Kp = 0.5,491,Time [s],Liquid Level [%],245.5,99.1495057235439,True
1,Kp = 0.5,492,Time [s],Liquid Level [%],246.0,99.27542820304697,True
1,Kp = 0.5,493,Time [s],Liquid Level [%],246.5,99.40135429863336,True
1,Kp = 0.5,494,Time [s],Liquid Level [%],247.0,99.52728401689245,True
1,Kp = 0.5,495,Time [s],Liquid Level [%],247.5,99.65321736441378,True
1,Kp = 0.5,496,Time [s],Liquid Level [%],248.0,99.7791543477872,True
1,Kp = 0.5,497,Time [s],Liquid Level [%],248.5,99.90509497360274,True
1,Kp = 0.5,498,Time [s],Liquid Level [%],249.0,100.0,True
1,Kp = 0.5,499,Time [s],Liquid Level [%],249.5,100.0,True
1,Kp = 0.5,500,Time [s],Liquid Level [%],250.0,100.0,True
1,Kp = 0.5,501,Time [s],Liquid Level [%],250.5,100.0,True
1,Kp = 0.5,502,Time [s],Liquid Level [%],251.0,100.0,True
1,Kp = 0.5,503,Time [s],Liquid Level [%],251.5,100.0,True
1,Kp = 0.5,504,Time [s],Liquid Level [%],252.0,100.0,True
1,Kp = 0.5,505,Time [s],Liquid Level [%],252.5,100.0,True
1,Kp = 0.5,506,Time [s],Liquid Level [%],253.0,100.0,True
1,Kp = 0.5,507,Time [s],Liquid Level [%],253.5,100.0,True
1,Kp = 0.5,508,Time [s],Liquid Level [%],254.0,100.0,True
1,Kp = 0.5,509,Time [s],Liquid Level [%],254.5,100.0,True
1,Kp = 0.5,510,Time [s],Liquid Level [%],255.0,100.0,True
1,Kp = 0.5,511,Time [s],Liquid Level [%],255.5,100.0,True
1,Kp = 0.5,512,Time [s],Liquid Level [%],256.0,100.0,True
1,Kp = 0.5,513,Time [s],Liquid Level [%],256.5,100.0,True
1,Kp = 0.5,514,Time [s],Liquid Level [%],257.0,100.0,True
1,Kp = 0.5,515,Time [s],Liquid Level [%],257.5,100.0,True
1,Kp = 0.5,516,Time [s],Liquid Level [%],258.0,100.0,True
1,Kp = 0.5,517,Time [s],Liquid Level [%],258.5,100.0,True
1,Kp = 0.5,518,Time [s],Liquid Level [%],259.0,100.0,True
1,Kp = 0.5,519,Time [s],Liquid Level [%],259.5,100.0,True
1,Kp = 0.5,520,Time [s],Liquid Level [%],260.0,100.0,True
1,Kp = 0.5,521,Time [s],Liquid Level [%],260.5,100.0,True
1,Kp = 0.5,522,Time [s],Liquid Level [%],261.0,100.0,True
1,Kp = 0.5,523,Time [s],Liquid Level [%],261.5,100.0,True
1,Kp = 0.5,524,Time [s],Liquid Level [%],262.0,100.0,True
1,Kp = 0.5,525,Time [s],Liquid Level [%],262.5,100.0,True
1,Kp = 0.5,526,Time [s],Liquid Level [%],263.0,100.0,True
1,Kp = 0.5,527,Time [s],Liquid Level [%],263.5,100.0,True
1,Kp = 0.5,528,Time [s],Liquid Level [%],264.0,100.0,True
1,Kp = 0.5,529,Time [s],Liquid Level [%],264.5,100.0,True
1,Kp = 0.5,530,Time [s],Liquid Level [%],265.0,100.0,True
1,Kp = 0.5,531,Time [s],Liquid Level [%],265.5,100.0,True
1,Kp = 0.5,532,Time [s],Liquid Level [%],266.0,100.0,True
1,Kp = 0.5,533,Time [s],Liquid Level [%],266.5,100.0,True
1,Kp = 0.5,534,Time [s],Liquid Level [%],267.0,100.0,True
1,Kp = 0.5,535,Time [s],Liquid Level [%],267.5,100.0,True
1,Kp = 0.5,536,Time [s],Liquid Level [%],268.0,100.0,True
1,Kp = 0.5,537,Time [s],Liquid Level [%],268.5,100.0,True
1,Kp = 0.5,538,Time [s],Liquid Level [%],269.0,100.0,True
1,Kp = 0.5,539,Time [s],Liquid Level [%],269.5,100.0,True
1,Kp = 0.5,540,Time [s],Liquid Level [%],270.0,100.0,True
1,Kp = 0.5,541,Time [s],Liquid Level [%],270.5,100.0,True
1,Kp = 0.5,542,Time [s],Liquid Level [%],271.0,100.0,True
1,Kp = 0.5,543,Time [s],Liquid Level [%],271.5,100.0,True
1,Kp = 0.5,544,Time [s],Liquid Level [%],272.0,100.0,True
1,Kp = 0.5,545,Time [s],Liquid Level [%],272.5,100.0,True
1,Kp = 0.5,546,Time [s],Liquid Level [%],273.0,100.0,True
1,Kp = 0.5,547,Time [s],Liquid Level [%],273.5,100.0,True
1,Kp = 0.5,548,Time [s],Liquid Level [%],274.0,100.0,True
1,Kp = 0.5,549,Time [s],Liquid Level [%],274.5,100.0,True
1,Kp = 0.5,550,Time [s],Liquid Level [%],275.0,100.0,True
1,Kp = 0.5,551,Time [s],Liquid Level [%],275.5,100.0,True
1,Kp = 0.5,552,Time [s],Liquid Level [%],276.0,100.0,True
1,Kp = 0.5,553,Time [s],Liquid Level [%],276.5,100.0,True
1,Kp = 0.5,554,Time [s],Liquid Level [%],277.0,100.0,True
1,Kp = 0.5,555,Time [s],Liquid Level [%],277.5,100.0,True
1,Kp = 0.5,556,Time [s],Liquid Level [%],278.0,100.0,True
1,Kp = 0.5,557,Time [s],Liquid Level [%],278.5,100.0,True
1,Kp = 0.5,558,Time [s],Liquid Level [%],279.0,100.0,True
1,Kp = 0.5,559,Time [s],Liquid Level [%],279.5,100.0,True
1,Kp = 0.5,560,Time [s],Liquid Level [%],280.0,100.0,True
1,Kp = 0.5,561,Time [s],Liquid Level [%],280.5,100.0,True
1,Kp = 0.5,562,Time [s],Liquid Level [%],281.0,100.0,True
1,Kp = 0.5,563,Time [s],Liquid Level [%],281.5,100.0,True
1,Kp = 0.5,564,Time [s],Liquid Level [%],282.0,100.0,True
1,Kp = 0.5,565,Time [s],Liquid Level [%],282.5,100.0,True
1,Kp = 0.5,566,Time [s],Liquid Level [%],283.0,100.0,True
1,Kp = 0.5,567,Time [s],Liquid Level [%],283.5,100.0,True
1,Kp = 0.5,568,Time [s],Liquid Level [%],284.0,100.0,True
1,Kp = 0.5,569,Time [s],Liquid Level [%],284.5,100.0,True
1,Kp = 0.5,570,Time [s],Liquid Level [%],285.0,100.0,True
1,Kp = 0.5,571,Time [s],Liquid Level [%],285.5,100.0,True
1,Kp = 0.5,572,Time [s],Liquid Level [%],286.0,100.0,True
1,Kp = 0.5,573,Time [s],Liquid Level [%],286.5,100.0,True
1,Kp = 0.5,574,Time [s],Liquid Level [%],287.0,100.0,True
1,Kp = 0.5,575,Time [s],Liquid Level [%],287.5,100.0,True
1,Kp = 0.5,576,Time [s],Liquid Level [%],288.0,100.0,True
1,Kp = 0.5,577,Time [s],Liquid Level [%],288.5,100.0,True
1,Kp = 0.5,578,Time [s],Liquid Level [%],289.0,100.0,True
1,Kp = 0.5,579,Time [s],Liquid Level [%],289.5,100.0,True
1,Kp = 0.5,580,Time [s],Liquid Level [%],290.0,100.0,True
1,Kp = 0.5,581,Time [s],Liquid Level [%],290.5,100.0,True
1,Kp = 0.5,582,Time [s],Liquid Level [%],291.0,100.0,True
1,Kp = 0.5,583,Time [s],Liquid Level [%],291.5,100.0,True
1,Kp = 0.5,584,Time [s],Liquid Level [%],292.0,100.0,True
1,Kp = 0.5,585,Time [s],Liquid Level [%],292.5,100.0,True
1,Kp = 0.5,586,Time [s],Liquid Level [%],293.0,100.0,True
1,Kp = 0.5,587,Time [s],Liquid Level [%],293.5,100.0,True
1,Kp = 0.5,588,Time [s],Liquid Level [%],294.0,100.0,True
1,Kp = 0.5,589,Time [s],Liquid Level [%],294.5,100.0,True
1,Kp = 0.5,590,Time [s],Liquid Level [%],295.0,100.0,True
1,Kp = 0.5,591,Time [s],Liquid Level [%],295.5,100.0,True
1,Kp = 0.5,592,Time [s],Liquid Level [%],296.0,100.0,True
1,Kp = 0.5,593,Time [s],Liquid Level [%],296.5,100.0,True
1,Kp = 0.5,594,Time [s],Liquid Level [%],297.0,100.0,True
1,Kp = 0.5,595,Time [s],Liquid Level [%],297.5,100.0,True
1,Kp = 0.5,596,Time [s],Liquid Level [%],298.0,100.0,True
1,Kp = 0.5,597,Time [s],Liquid Level [%],298.5,100.0,True
1,Kp = 0.5,598,Time [s],Liquid Level [%],299.0,100.0,True
1,Kp = 0.5,599,Time [s],Liquid Level [%],299.5,100.0,True
1,Kp = 2.0,0,Time [s],Liquid Level [%],0.0,50.0,True
1,Kp = 2.0,1,Time [s],Liquid Level [%],0.5,50.0,True
1,Kp = 2.0,2,Time [s],Liquid Level [%],1.0,50.0,True
1,Kp = 2.0,3,Time [s],Liquid Level [%],1.5,50.0,True
1,Kp = 2.0,4,Time [s],Liquid Level [%],2.0,50.0,True
1,Kp = 2.0,5,Time [s],Liquid Level [%],2.5,50.0,True
1,Kp = 2.0,6,Time [s],Liquid Level [%],3.0,50.0,True
1,Kp = 2.0,7,Time [s],Liquid Level [%],3.5,50.0,True
1,Kp = 2.0,8,Time [s],Liquid Level [%],4.0,50.0,True
1,Kp = 2.0,9,Time [s],Liquid Level [%],4.5,50.0,True
1,Kp = 2.0,10,Time [s],Liquid Level [%],5.0,50.0,True
1,Kp = 2.0,11,Time [s],Liquid Level [%],5.5,50.0,True
1,Kp = 2.0,12,Time [s],Liquid Level [%],6.0,50.0,True
1,Kp = 2.0,13,Time [s],Liquid Level [%],6.5,50.0,True
1,Kp = 2.0,14,Time [s],Liquid Level [%],7.0,50.0,True
1,Kp = 2.0,15,Time [s],Liquid Level [%],7.5,50.0,True
1,Kp = 2.0,16,Time [s],Liquid Level [%],8.0,50.0,True
1,Kp = 2.0,17,Time [s],Liquid Level [%],8.5,50.0,True
1,Kp = 2.0,18,Time [s],Liquid Level [%],9.0,50.0,True
1,Kp = 2.0,19,Time [s],Liquid Level [%],9.5,50.0,True
1,Kp = 2.0,20,Time [s],Liquid Level [%],10.0,50.0,True
1,Kp = 2.0,21,Time [s],Liquid Level [%],10.5,50.0,True
1,Kp = 2.0,22,Time [s],Liquid Level [%],11.0,50.0,True
1,Kp = 2.0,23,Time [s],Liquid Level [%],11.5,50.0,True
1,Kp = 2.0,24,Time [s],Liquid Level [%],12.0,50.0,True
1,Kp = 2.0,25,Time [s],Liquid Level [%],12.5,50.0,True
1,Kp = 2.0,26,Time [s],Liquid Level [%],13.0,50.0,True
1,Kp = 2.0,27,Time [s],Liquid Level [%],13.5,50.0,True
1,Kp = 2.0,28,Time [s],Liquid Level [%],14.0,50.0,True
1,Kp = 2.0,29,Time [s],Liquid Level [%],14.5,50.0,True
1,Kp = 2.0,30,Time [s],Liquid Level [%],15.0,50.0,True
1,Kp = 2.0,31,Time [s],Liquid Level [%],15.5,50.0,True
1,Kp = 2.0,32,Time [s],Liquid Level [%],16.0,50.0,True
1,Kp = 2.0,33,Time [s],Liquid Level [%],16.5,50.0,True
1,Kp = 2.0,34,Time [s],Liquid Level [%],17.0,50.0,True
1,Kp = 2.0,35,Time [s],Liquid Level [%],17.5,50.0,True
1,Kp = 2.0,36,Time [s],Liquid Level [%],18.0,50.0,True
1,Kp = 2.0,37,Time [s],Liquid Level [%],18.5,50.0,True
1,Kp = 2.0,38,Time [s],Liquid Level [%],19.0,50.0,True
1,Kp = 2.0,39,Time [s],Liquid Level [%],19.5,50.0,True
1,Kp = 2.0,40,Time [s],Liquid Level [%],20.0,50.0,True
1,Kp = 2.0,41,Time [s],Liquid Level [%],20.5,50.0,True
1,Kp = 2.0,42,Time [s],Liquid Level [%],21.0,50.0,True
1,Kp = 2.0,43,Time [s],Liquid Level [%],21.5,50.0,True
1,Kp = 2.0,44,Time [s],Liquid Level [%],22.0,50.0,True
1,Kp = 2.0,45,Time [s],Liquid Level [%],22.5,50.0,True
1,Kp = 2.0,46,Time [s],Liquid Level [%],23.0,50.0,True
1,Kp = 2.0,47,Time [s],Liquid Level [%],23.5,50.0,True
1,Kp = 2.0,48,Time [s],Liquid Level [%],24.0,50.0,True
1,Kp = 2.0,49,Time [s],Liquid Level [%],24.5,50.0,True
1,Kp = 2.0,50,Time [s],Liquid Level [%],25.0,50.0,True
1,Kp = 2.0,51,Time [s],Liquid Level [%],25.5,50.0,True
1,Kp = 2.0,52,Time [s],Liquid Level [%],26.0,50.0,True
1,Kp = 2.0,53,Time [s],Liquid Level [%],26.5,50.0,True
1,Kp = 2.0,54,Time [s],Liquid Level [%],27.0,50.0,True
1,Kp = 2.0,55,Time [s],Liquid Level [%],27.5,50.0,True
1,Kp = 2.0,56,Time [s],Liquid Level [%],28.0,50.0,True
1,Kp = 2.0,57,Time [s],Liquid Level [%],28.5,50.0,True
1,Kp = 2.0,58,Time [s],Liquid Level [%],29.0,50.0,True
1,Kp = 2.0,59,Time [s],Liquid Level [%],29.5,50.0,True
1,Kp = 2.0,60,Time [s],Liquid Level [%],30.0,50.0,True
1,Kp = 2.0,61,Time [s],Liquid Level [%],30.5,50.0,True
1,Kp = 2.0,62,Time [s],Liquid Level [%],31.0,50.0,True
1,Kp = 2.0,63,Time [s],Liquid Level [%],31.5,50.0,True
1,Kp = 2.0,64,Time [s],Liquid Level [%],32.0,50.0,True
1,Kp = 2.0,65,Time [s],Liquid Level [%],32.5,50.0,True
1,Kp = 2.0,66,Time [s],Liquid Level [%],33.0,50.0,True
1,Kp = 2.0,67,Time [s],Liquid Level [%],33.5,50.0,True
1,Kp = 2.0,68,Time [s],Liquid Level [%],34.0,50.0,True
1,Kp = 2.0,69,Time [s],Liquid Level [%],34.5,50.0,True
1,Kp = 2.0,70,Time [s],Liquid Level [%],35.0,50.0,True
1,Kp = 2.0,71,Time [s],Liquid Level [%],35.5,50.0,True
1,Kp = 2.0,72,Time [s],Liquid Level [%],36.0,50.0,True
1,Kp = 2.0,73,Time [s],Liquid Level [%],36.5,50.0,True
1,Kp = 2.0,74,Time [s],Liquid Level [%],37.0,50.0,True
1,Kp = 2.0,75,Time [s],Liquid Level [%],37.5,50.0,True
1,Kp = 2.0,76,Time [s],Liquid Level [%],38.0,50.0,True
1,Kp = 2.0,77,Time [s],Liquid Level [%],38.5,50.0,True
1,Kp = 2.0,78,Time [s],Liquid Level [%],39.0,50.0,True
1,Kp = 2.0,79,Time [s],Liquid Level [%],39.5,50.0,True
1,Kp = 2.0,80,Time [s],Liquid Level [%],40.0,50.0,True
1,Kp = 2.0,81,Time [s],Liquid Level [%],40.5,50.0,True
1,Kp = 2.0,82,Time [s],Liquid Level [%],41.0,50.0,True
1,Kp = 2.0,83,Time [s],Liquid Level [%],41.5,50.0,True
1,Kp = 2.0,84,Time [s],Liquid Level [%],42.0,50.0,True
1,Kp = 2.0,85,Time [s],Liquid Level [%],42.5,50.0,True
1,Kp = 2.0,86,Time [s],Liquid Level [%],43.0,50.0,True
1,Kp = 2.0,87,Time [s],Liquid Level [%],43.5,50.0,True
1,Kp = 2.0,88,Time [s],Liquid Level [%],44.0,50.0,True
1,Kp = 2.0,89,Time [s],Liquid Level [%],44.5,50.0,True
1,Kp = 2.0,90,Time [s],Liquid Level [%],45.0,50.0,True
1,Kp = 2.0,91,Time [s],Liquid Level [%],45.5,50.0,True
1,Kp = 2.0,92,Time [s],Liquid Level [%],46.0,50.0,True
1,Kp = 2.0,93,Time [s],Liquid Level [%],46.5,50.0,True
1,Kp = 2.0,94,Time [s],Liquid Level [%],47.0,50.0,True
1,Kp = 2.0,95,Time [s],Liquid Level [%],47.5,50.0,True
1,Kp = 2.0,96,Time [s],Liquid Level [%],48.0,50.0,True
1,Kp = 2.0,97,Time [s],Liquid Level [%],48.5,50.0,True
1,Kp = 2.0,98,Time [s],Liquid Level [%],49.0,50.0,True
1,Kp = 2.0,99,Time [s],Liquid Level [%],49.5,50.0,True
1,Kp = 2.0,100,Time [s],Liquid Level [%],50.0,50.125,True
1,Kp = 2.0,101,Time [s],Liquid Level [%],50.5,50.25004585937499,True
1,Kp = 2.0,102,Time [s],Liquid Level [%],51.0,50.37509595432466,True
1,Kp = 2.0,103,Time [s],Liquid Level [%],51.5,50.50015029716766,True
1,Kp = 2.0,104,Time [s],Liquid Level [%],52.0,50.62520891410271,True
1,Kp = 2.0,105,Time [s],Liquid Level [%],52.5,50.75027183133487,True
1,Kp = 2.0,106,Time [s],Liquid Level [%],53.0,50.875339075071004,True
1,Kp = 2.0,107,Time [s],Liquid Level [%],53.5,51.00041067151974,True
1,Kp = 2.0,108,Time [s],Liquid Level [%],54.0,51.12548664689148,True
1,Kp = 2.0,109,Time [s],Liquid Level [%],54.5,51.25056702739843,True
1,Kp = 2.0,110,Time [s],Liquid Level [%],55.0,51.375651839254566,True
1,Kp = 2.0,111,Time [s],Liquid Level [%],55.5,51.50074110867568,True
1,Kp = 2.0,112,Time [s],Liquid Level [%],56.0,51.62583486187937,True
1,Kp = 2.0,113,Time [s],Liquid Level [%],56.5,51.75093312508502,True
1,Kp = 2.0,114,Time [s],Liquid Level [%],57.0,51.87603592451384,True
1,Kp = 2.0,115,Time [s],Liquid Level [%],57.5,52.001143286388874,True
1,Kp = 2.0,116,Time [s],Liquid Level [%],58.0,52.12625523693497,True
1,Kp = 2.0,117,Time [s],Liquid Level [%],58.5,52.25137180237881,True
1,Kp = 2.0,118,Time [s],Liquid Level [%],59.0,52.37649300894892,True
1,Kp = 2.0,119,Time [s],Liquid Level [%],59.5,52.501618882875675,True
1,Kp = 2.0,120,Time [s],Liquid Level [%],60.0,52.62674945039129,True
1,Kp = 2.0,121,Time [s],Liquid Level [%],60.5,52.7518847377298,True
1,Kp = 2.0,122,Time [s],Liquid Level [%],61.0,52.87702477112717,True
1,Kp = 2.0,123,Time [s],Liquid Level [%],61.5,53.00216957682116,True
1,Kp = 2.0,124,Time [s],Liquid Level [%],62.0,53.127319181051426,True
1,Kp = 2.0,125,Time [s],Liquid Level [%],62.5,53.25247361005951,True
1,Kp = 2.0,126,Time [s],Liquid Level [%],63.0,53.37763289008882,True
1,Kp = 2.0,127,Time [s],Liquid Level [%],63.5,53.50279704738467,True
1,Kp = 2.0,128,Time [s],Liquid Level [%],64.0,53.62796610819422,True
1,Kp = 2.0,129,Time [s],Liquid Level [%],64.5,53.753140098766586,True
1,Kp = 2.0,130,Time [s],Liquid Level [%],65.0,53.87831904535274,True
1,Kp = 2.0,131,Time [s],Liquid Level [%],65.5,54.00350297420559,True
1,Kp = 2.0,132,Time [s],Liquid Level [%],66.0,54.12869191157994,True
1,Kp = 2.0,133,Time [s],Liquid Level [%],66.5,54.25388588373252,True
1,Kp = 2.0,134,Time [s],Liquid Level [%],67.0,54.379084916922,True
1,Kp = 2.0,135,Time [s],Liquid Level [%],67.5,54.504289037408945,True
1,Kp = 2.0,136,Time [s],Liquid Level [%],68.0,54.6294982714559,True
1,Kp = 2.0,137,Time [s],Liquid Level [%],68.5,54.75471264532731,True
1,Kp = 2.0,138,Time [s],Liquid Level [%],69.0,54.87993218528959,True
1,Kp = 2.0,139,Time [s],Liquid Level [%],69.5,55.00515691761111,True
1,Kp = 2.0,140,Time [s],Liquid Level [%],70.0,55.13038686856218,True
1,Kp = 2.0,141,Time [s],Liquid Level [%],70.5,55.255622064415086,True
1,Kp = 2.0,142,Time [s],Liquid Level [%],71.0,55.380862531444095,True
1,Kp = 2.0,143,Time [s],Liquid Level [%],71.5,55.506108295925415,True
1,Kp = 2.0,144,Time [s],Liquid Level [%],72.0,55.63135938413727,True
1,Kp = 2.0,145,Time [s],Liquid Level [%],72.5,55.75661582235985,True
1,Kp = 2.0,146,Time [s],Liquid Level [%],73.0,55.88187763687533,True
1,Kp = 2.0,147,Time [s],Liquid Level [%],73.5,56.00714485396791,True
1,Kp = 2.0,148,Time [s],Liquid Level [%],74.0,56.13241749992375,True
1,Kp = 2.0,149,Time [s],Liquid Level [%],74.5,56.25769560103105,True
1,Kp = 2.0,150,Time [s],Liquid Level [%],75.0,56.38297918358004,True
1,Kp = 2.0,151,Time [s],Liquid Level [%],75.5,56.50826827386292,True
1,Kp = 2.0,152,Time [s],Liquid Level [%],76.0,56.63356289817394,True
1,Kp = 2.0,153,Time [s],Liquid Level [%],76.5,56.758863082809384,True
1,Kp = 2.0,154,Time [s],Liquid Level [%],77.0,56.884168854067575,True
1,Kp = 2.0,155,Time [s],Liquid Level [%],77.5,57.009480238248855,True
1,Kp = 2.0,156,Time [s],Liquid Level [%],78.0,57.134797261655635,True
1,Kp = 2.0,157,Time [s],Liquid Level [%],78.5,57.26011995059236,True
1,Kp = 2.0,158,Time [s],Liquid Level [%],79.0,57.38544833136555,True
1,Kp = 2.0,159,Time [s],Liquid Level [%],79.5,57.51078243028378,True
1,Kp = 2.0,160,Time [s],Liquid Level [%],80.0,57.6361222736577,True
1,Kp = 2.0,161,Time [s],Liquid Level [%],80.5,57.76146788780002,True
1,Kp = 2.0,162,Time [s],Liquid Level [%],81.0,57.88681929902555,True
1,Kp = 2.0,163,Time [s],Liquid Level [%],81.5,58.01217653365116,True
1,Kp = 2.0,164,Time [s],Liquid Level [%],82.0,58.137539617995834,True
1,Kp = 2.0,165,Time [s],Liquid Level [%],82.5,58.26290857838066,True
1,Kp = 2.0,166,Time [s],Liquid Level [%],83.0,58.388283441128785,True
1,Kp = 2.0,167,Time [s],Liquid Level [%],83.5,58.51366423256551,True
1,Kp = 2.0,168,Time [s],Liquid Level [%],84.0,58.63905097901822,True
1,Kp = 2.0,169,Time [s],Liquid Level [%],84.5,58.76444370681645,True
1,Kp = 2.0,170,Time [s],Liquid Level [%],85.0,58.88984244229183,True
1,Kp = 2.0,171,Time [s],Liquid Level [%],85.5,59.015247211778124,True
1,Kp = 2.0,172,Time [s],Liquid Level [%],86.0,59.14065804161124,True
1,Kp = 2.0,173,Time [s],Liquid Level [%],86.5,59.266074958129224,True
1,Kp = 2.0,174,Time [s],Liquid Level [%],87.0,59.39149798767227,True
1,Kp = 2.0,175,Time [s],Liquid Level [%],87.5,59.516927156582724,True
1,Kp = 2.0,176,Time [s],Liquid Level [%],88.0,59.642362491205084,True
1,Kp = 2.0,177,Time [s],Liquid Level [%],88.5,59.767804017886014,True
1,Kp = 2.0,178,Time [s],Liquid Level [%],89.0,59.893251762974366,True
1,Kp = 2.0,179,Time [s],Liquid Level [%],89.5,60.018705752821134,True
1,Kp = 2.0,180,Time [s],Liquid Level [%],90.0,60.14416601377952,True
1,Kp = 2.0,181,Time [s],Liquid Level [%],90.5,60.2696325722049,True
1,Kp = 2.0,182,Time [s],Liquid Level [%],91.0,60.395105454454836,True
1,Kp = 2.0,183,Time [s],Liquid Level [%],91.5,60.52058468688909,True
1,Kp = 2.0,184,Time [s],Liquid Level [%],92.0,60.64607029586963,True
1,Kp = 2.0,185,Time [s],Liquid Level [%],92.5,60.77156230776062,True
1,Kp = 2.0,186,Time [s],Liquid Level [%],93.0,60.89706074892847,True
1,Kp = 2.0,187,Time [s],Liquid Level [%],93.5,61.022565645741764,True
1,Kp = 2.0,188,Time [s],Liquid Level [%],94.0,61.14807702457134,True
1,Kp = 2.0,189,Time [s],Liquid Level [%],94.5,61.273594911790276,True
1,Kp = 2.0,190,Time [s],Liquid Level [%],95.0,61.39911933377385,True
1,Kp = 2.0,191,Time [s],Liquid Level [%],95.5,61.524650316899596,True
1,Kp = 2.0,192,Time [s],Liquid Level [%],96.0,61.650187887547325,True
1,Kp = 2.0,193,Time [s],Liquid Level [%],96.5,61.77573207209905,True
1,Kp = 2.0,194,Time [s],Liquid Level [%],97.0,61.90128289693908,True
1,Kp = 2.0,195,Time [s],Liquid Level [%],97.5,62.02684038845398,True
1,Kp = 2.0,196,Time [s],Liquid Level [%],98.0,62.15240457303255,True
1,Kp = 2.0,197,Time [s],Liquid Level [%],98.5,62.27797547706593,True
1,Kp = 2.0,198,Time [s],Liquid Level [%],99.0,62.40355312694747,True
1,Kp = 2.0,199,Time [s],Liquid Level [%],99.5,62.52913754907288,True
1,Kp = 2.0,200,Time [s],Liquid Level [%],100.0,62.654728769840084,True
1,Kp = 2.0,201,Time [s],Liquid Level [%],100.5,62.78032681564936,True
1,Kp = 2.0,202,Time [s],Liquid Level [%],101.0,62.905931712903254,True
1,Kp = 2.0,203,Time [s],Liquid Level [%],101.5,63.03154348800665,True
1,Kp = 2.0,204,Time [s],Liquid Level [%],102.0,63.15716216736672,True
1,Kp = 2.0,205,Time [s],Liquid Level [%],102.5,63.28278777739298,True
1,Kp = 2.0,206,Time [s],Liquid Level [%],103.0,63.40842034449725,True
1,Kp = 2.0,207,Time [s],Liquid Level [%],103.5,63.534059895093684,True
1,Kp = 2.0,208,Time [s],Liquid Level [%],104.0,63.65970645559879,True
1,Kp = 2.0,209,Time [s],Liquid Level [%],104.5,63.785360052431386,True
1,Kp = 2.0,210,Time [s],Liquid Level [%],105.0,63.91102071201266,True
1,Kp = 2.0,211,Time [s],Liquid Level [%],105.5,64.03668846076616,True
1,Kp = 2.0,212,Time [s],Liquid Level [%],106.0,64.16236332511777,True
1,Kp = 2.0,213,Time [s],Liquid Level [%],106.5,64.28804533149575,True
1,Kp = 2.0,214,Time [s],Liquid Level [%],107.0,64.41373450633073,True
1,Kp = 2.0,215,Time [s],Liquid Level [%],107.5,64.5394308760557,True
1,Kp = 2.0,216,Time [s],Liquid Level [%],108.0,64.66513446710607,True
1,Kp = 2.0,217,Time [s],Liquid Level [%],108.5,64.79084530591959,True
1,Kp = 2.0,218,Time [s],Liquid Level [%],109.0,64.91656341893643,True
1,Kp = 2.0,219,Time [s],Liquid Level [%],109.5,65.04228883259916,True
1,Kp = 2.0,220,Time [s],Liquid Level [%],110.0,65.16802157335273,True
1,Kp = 2.0,221,Time [s],Liquid Level [%],110.5,65.29376166764452,True
1,Kp = 2.0,222,Time [s],Liquid Level [%],111.0,65.41950914192431,True
1,Kp = 2.0,223,Time [s],Liquid Level [%],111.5,65.5452640226443,True
1,Kp = 2.0,224,Time [s],Liquid Level [%],112.0,65.67102633625915,True
1,Kp = 2.0,225,Time [s],Liquid Level [%],112.5,65.79679610922588,True
1,Kp = 2.0,226,Time [s],Liquid Level [%],113.0,65.92257336800404,True
1,Kp = 2.0,227,Time [s],Liquid Level [%],113.5,66.04835813905552,True
1,Kp = 2.0,228,Time [s],Liquid Level [%],114.0,66.17415044884477,True
1,Kp = 2.0,229,Time [s],Liquid Level [%],114.5,66.29995032383859,True
1,Kp = 2.0,230,Time [s],Liquid Level [%],115.0,66.4257577905063,True
1,Kp = 2.0,231,Time [s],Liquid Level [%],115.5,66.55157287531965,True
1,Kp = 2.0,232,Time [s],Liquid Level [%],116.0,66.6773956047529,True
1,Kp = 2.0,233,Time [s],Liquid Level [%],116.5,66.80322600528275,True
1,Kp = 2.0,234,Time [s],Liquid Level [%],117.0,66.92906410338841,True
1,Kp = 2.0,235,Time [s],Liquid Level [%],117.5,67.05490992555156,True
1,Kp = 2.0,236,Time [s],Liquid Level [%],118.0,67.18076349825635,True
1,Kp = 2.0,237,Time [s],Liquid Level [%],118.5,67.3066248479895,True
1,Kp = 2.0,238,Time [s],Liquid Level [%],119.0,67.43249400124014,True
1,Kp = 2.0,239,Time [s],Liquid Level [%],119.5,67.55837098449999,True
1,Kp = 2.0,240,Time [s],Liquid Level [%],120.0,67.68425582426322,True
1,Kp = 2.0,241,Time [s],Liquid Level [%],120.5,67.81014854702659,True
1,Kp = 2.0,242,Time [s],Liquid Level [%],121.0,67.93604917928931,True
1,Kp = 2.0,243,Time [s],Liquid Level [%],121.5,68.06195774755321,True
1,Kp = 2.0,244,Time [s],Liquid Level [%],122.0,68.18787427832257,True
1,Kp = 2.0,245,Time [s],Liquid Level [%],122.5,68.31379879810426,True
1,Kp = 2.0,246,Time [s],Liquid Level [%],123.0,68.4397313334077,True
1,Kp = 2.0,247,Time [s],Liquid Level [%],123.5,68.56567191074487,True
1,Kp = 2.0,248,Time [s],Liquid Level [%],124.0,68.69162055663026,True
1,Kp = 2.0,249,Time [s],Liquid Level [%],124.5,68.817577297581,True
1,Kp = 2.0,250,Time [s],Liquid Level [%],125.0,68.9435421601167,True
1,Kp = 2.0,251,Time [s],Liquid Level [%],125.5,69.06951517075964,True
1,Kp = 2.0,252,Time [s],Liquid Level [%],126.0,69.19549635603464,True
1,Kp = 2.0,253,Time [s],Liquid Level [%],126.5,69.3214857424691,True
1,Kp = 2.0,254,Time [s],Liquid Level [%],127.0,69.44748335659301,True
1,Kp = 2.0,255,Time [s],Liquid Level [%],127.5,69.573489224939,True
1,Kp = 2.0,256,Time [s],Liquid Level [%],128.0,69.69950337404227,True
1,Kp = 2.0,257,Time [s],Liquid Level [%],128.5,69.82552583044061,True
1,Kp = 2.0,258,Time [s],Liquid Level [%],129.0,69.9515566206745,True
1,Kp = 2.0,259,Time [s],Liquid Level [%],129.5,70.07759577128695,True
1,Kp = 2.0,260,Time [s],Liquid Level [%],130.0,70.20364330882367,True
1,Kp = 2.0,261,Time [s],Liquid Level [%],130.5,70.32969925983298,True
1,Kp = 2.0,262,Time [s],Liquid Level [%],131.0,70.45576365086582,True
1,Kp = 2.0,263,Time [s],Liquid Level [%],131.5,70.5818365084758,True
1,Kp = 2.0,264,Time [s],Liquid Level [%],132.0,70.70791785921917,True
1,Kp = 2.0,265,Time [s],Liquid Level [%],132.5,70.83400772965483,True
1,Kp = 2.0,266,Time [s],Liquid Level [%],133.0,70.96010614634434,True
1,Kp = 2.0,267,Time [s],Liquid Level [%],133.5,71.08621313585193,True
1,Kp = 2.0,268,Time [s],Liquid Level [%],134.0,71.21232872474454,True
1,Kp = 2.0,269,Time [s],Liquid Level [%],134.5,71.3384529395917,True
1,Kp = 2.0,270,Time [s],Liquid Level [%],135.0,71.46458580696572,True
1,Kp = 2.0,271,Time [s],Liquid Level [%],135.5,71.59072735344152,True
1,Kp = 2.0,272,Time [s],Liquid Level [%],136.0,71.71687760559678,True
1,Kp = 2.0,273,Time [s],Liquid Level [%],136.5,71.84303659001183,True
1,Kp = 2.0,274,Time [s],Liquid Level [%],137.0,71.96920433326974,True
1,Kp = 2.0,275,Time [s],Liquid Level [%],137.5,72.09538086195629,True
1,Kp = 2.0,276,Time [s],Liquid Level [%],138.0,72.22156620265994,True
1,Kp = 2.0,277,Time [s],Liquid Level [%],138.5,72.34776038197191,True
1,Kp = 2.0,278,Time [s],Liquid Level [%],139.0,72.47396342648614,True
1,Kp = 2.0,279,Time [s],Liquid Level [%],139.5,72.60017536279929,True
1,Kp = 2.0,280,Time [s],Liquid Level [%],140.0,72.7263962175108,True
1,Kp = 2.0,281,Time [s],Liquid Level [%],140.5,72.8526260172228,True
1,Kp = 2.0,282,Time [s],Liquid Level [%],141.0,72.97886478854024,True
1,Kp = 2.0,283,Time [s],Liquid Level [%],141.5,73.10511255807073,True
1,Kp = 2.0,284,Time [s],Liquid Level [%],142.0,73.23136935242474,True
1,Kp = 2.0,285,Time [s],Liquid Level [%],142.5,73.35763519821545,True
1,Kp = 2.0,286,Time [s],Liquid Level [%],143.0,73.48391012205882,True
1,Kp = 2.0,287,Time [s],Liquid Level [%],143.5,73.61019415057362,True
1,Kp = 2.0,288,Time [s],Liquid Level [%],144.0,73.73648731038138,True
1,Kp = 2.0,289,Time [s],Liquid Level [%],144.5,73.86278962810641,True
1,Kp = 2.0,290,Time [s],Liquid Level [%],145.0,73.98910113037584,True
1,Kp = 2.0,291,Time [s],Liquid Level [%],145.5,74.1154218438196,True
1,Kp = 2.0,292,Time [s],Liquid Level [%],146.0,74.24175179507043,True
1,Kp = 2.0,293,Time [s],Liquid Level [%],146.5,74.36809101076383,True
1,Kp = 2.0,294,Time [s],Liquid Level [%],147.0,74.49443951753823,True
1,Kp = 2.0,295,Time [s],Liquid Level [%],147.5,74.62079734203476,True
1,Kp = 2.0,296,Time [s],Liquid Level [%],148.0,74.74716451089746,True
1,Kp = 2.0,297,Time [s],Liquid Level [%],148.5,74.8735410507732,True
1,Kp = 2.0,298,Time [s],Liquid Level [%],149.0,74.99992698831164,True
1,Kp = 2.0,299,Time [s],Liquid Level [%],149.5,75.12632235016537,True
1,Kp = 2.0,300,Time [s],Liquid Level [%],150.0,75.25272716298973,True
1,Kp = 2.0,301,Time [s],Liquid Level [%],150.5,75.37914145344301,True
1,Kp = 2.0,302,Time [s],Liquid Level [%],151.0,75.50556524818631,True
1,Kp = 2.0,303,Time [s],Liquid Level [%],151.5,75.63199857388364,True
1,Kp = 2.0,304,Time [s],Liquid Level [%],152.0,75.75844145720183,True
1,Kp = 2.0,305,Time [s],Liquid Level [%],152.5,75.88489392481065,True
1,Kp = 2.0,306,Time [s],Liquid Level [%],153.0,76.01135600338272,True
1,Kp = 2.0,307,Time [s],Liquid Level [%],153.5,76.13782771959356,True
1,Kp = 2.0,308,Time [s],Liquid Level [%],154.0,76.2643091001216,True
1,Kp = 2.0,309,Time [s],Liquid Level [%],154.5,76.39080017164815,True
1,Kp = 2.0,310,Time [s],Liquid Level [%],155.0,76.51730096085745,True
1,Kp = 2.0,311,Time [s],Liquid Level [%],155.5,76.64381149443668,True
1,Kp = 2.0,312,Time [s],Liquid Level [%],156.0,76.77033179907585,True
1,Kp = 2.0,313,Time [s],Liquid Level [%],156.5,76.896861901468,True
1,Kp = 2.0,314,Time [s],Liquid Level [%],157.0,77.02340182830905,True
1,Kp = 2.0,315,Time [s],Liquid Level [%],157.5,77.14995160629785,True
1,Kp = 2.0,316,Time [s],Liquid Level [%],158.0,77.27651126213621,True
1,Kp = 2.0,317,Time [s],Liquid Level [%],158.5,77.4030808225289,True
1,Kp = 2.0,318,Time [s],Liquid Level [%],159.0,77.52966031418363,True
1,Kp = 2.0,319,Time [s],Liquid Level [%],159.5,77.65624976381108,True
1,Kp = 2.0,320,Time [s],Liquid Level [%],160.0,77.78284919812485,True
1,Kp = 2.0,321,Time [s],Liquid Level [%],160.5,77.90945864384159,True
1,Kp = 2.0,322,Time [s],Liquid Level [%],161.0,78.03607812768087,True
1,Kp = 2.0,323,Time [s],Liquid Level [%],161.5,78.16270767636524,True
1,Kp = 2.0,324,Time [s],Liquid Level [%],162.0,78.28934731662032,True
1,Kp = 2.0,325,Time [s],Liquid Level [%],162.5,78.4159970751746,True
1,Kp = 2.0,326,Time [s],Liquid Level [%],163.0,78.54265697875967,True
1,Kp = 2.0,327,Time [s],Liquid Level [%],163.5,78.66932705411006,True
1,Kp = 2.0,328,Time [s],Liquid Level [%],164.0,78.79600732796335,True
1,Kp = 2.0,329,Time [s],Liquid Level [%],164.5,78.92269782706013,True
1,Kp = 2.0,330,Time [s],Liquid Level [%],165.0,79.04939857814402,True
1,Kp = 2.0,331,Time [s],Liquid Level [%],165.5,79.17610960796165,True
1,Kp = 2.0,332,Time [s],Liquid Level [%],166.0,79.30283094326268,True
1,Kp = 2.0,333,Time [s],Liquid Level [%],166.5,79.42956261079982,True
1,Kp = 2.0,334,Time [s],Liquid Level [%],167.0,79.55630463732884,True
1,Kp = 2.0,335,Time [s],Liquid Level [%],167.5,79.68305704960854,True
1,Kp = 2.0,336,Time [s],Liquid Level [%],168.0,79.80981987440077,True
1,Kp = 2.0,337,Time [s],Liquid Level [%],168.5,79.93659313847049,True
1,Kp = 2.0,338,Time [s],Liquid Level [%],169.0,80.06337686858566,True
1,Kp = 2.0,339,Time [s],Liquid Level [%],169.5,80.19017109151739,True
1,Kp = 2.0,340,Time [s],Liquid Level [%],170.0,80.31697583403977,True
1,Kp = 2.0,341,Time [s],Liquid Level [%],170.5,80.44379112293008,True
1,Kp = 2.0,342,Time [s],Liquid Level [%],171.0,80.57061698496862,True
1,Kp = 2.0,343,Time [s],Liquid Level [%],171.5,80.69745344693882,True
1,Kp = 2.0,344,Time [s],Liquid Level [%],172.0,80.8243005356272,True
1,Kp = 2.0,345,Time [s],Liquid Level [%],172.5,80.95115827782338,True
1,Kp = 2.0,346,Time [s],Liquid Level [%],173.0,81.07802670032012,True
1,Kp = 2.0,347,Time [s],Liquid Level [%],173.5,81.20490582991327,True
1,Kp = 2.0,348,Time [s],Liquid Level [%],174.0,81.33179569340182,True
1,Kp = 2.0,349,Time [s],Liquid Level [%],174.5,81.45869631758788,True
1,Kp = 2.0,350,Time [s],Liquid Level [%],175.0,81.58560772927672,True
1,Kp = 2.0,351,Time [s],Liquid Level [%],175.5,81.71252995527672,True
1,Kp = 2.0,352,Time [s],Liquid Level [%],176.0,81.83946302239944,True
1,Kp = 2.0,353,Time [s],Liquid Level [%],176.5,81.96640695745955,True
1,Kp = 2.0,354,Time [s],Liquid Level [%],177.0,82.09336178727494,True
1,Kp = 2.0,355,Time [s],Liquid Level [%],177.5,82.22032753866661,True
1,Kp = 2.0,356,Time [s],Liquid Level [%],178.0,82.34730423845876,True
1,Kp = 2.0,357,Time [s],Liquid Level [%],178.5,82.47429191347877,True
1,Kp = 2.0,358,Time [s],Liquid Level [%],179.0,82.60129059055714,True
1,Kp = 2.0,359,Time [s],Liquid Level [%],179.5,82.72830029652766,True
1,Kp = 2.0,360,Time [s],Liquid Level [%],180.0,82.85532105822723,True
1,Kp = 2.0,361,Time [s],Liquid Level [%],180.5,82.98235290249598,True
1,Kp = 2.0,362,Time [s],Liquid Level [%],181.0,83.10939585617726,True
1,Kp = 2.0,363,Time [s],Liquid Level [%],181.5,83.2364499461176,True
1,Kp = 2.0,364,Time [s],Liquid Level [%],182.0,83.36351519916676,True
1,Kp = 2.0,365,Time [s],Liquid Level [%],182.5,83.49059164217772,True
1,Kp = 2.0,366,Time [s],Liquid Level [%],183.0,83.6176793020067,True
1,Kp = 2.0,367,Time [s],Liquid Level [%],183.5,83.74477820551314,True
1,Kp = 2.0,368,Time [s],Liquid Level [%],184.0,83.87188837955972,True
1,Kp = 2.0,369,Time [s],Liquid Level [%],184.5,83.99900985101235,True
1,Kp = 2.0,370,Time [s],Liquid Level [%],185.0,84.12614264674022,True
1,Kp = 2.0,371,Time [s],Liquid Level [%],185.5,84.25328679361576,True
1,Kp = 2.0,372,Time [s],Liquid Level [%],186.0,84.38044231851465,True
1,Kp = 2.0,373,Time [s],Liquid Level [%],186.5,84.50760924831586,True
1,Kp = 2.0,374,Time [s],Liquid Level [%],187.0,84.63478760990164,True
1,Kp = 2.0,375,Time [s],Liquid Level [%],187.5,84.76197743015746,True
1,Kp = 2.0,376,Time [s],Liquid Level [%],188.0,84.88917873597217,True
1,Kp = 2.0,377,Time [s],Liquid Level [%],188.5,85.01639155423781,True
1,Kp = 2.0,378,Time [s],Liquid Level [%],189.0,85.1436159118498,True
1,Kp = 2.0,379,Time [s],Liquid Level [%],189.5,85.27085183570681,True
1,Kp = 2.0,380,Time [s],Liquid Level [%],190.0,85.39809935271082,True
1,Kp = 2.0,381,Time [s],Liquid Level [%],190.5,85.52535848976714,True
1,Kp = 2.0,382,Time [s],Liquid Level [%],191.0,85.65262927378441,True
1,Kp = 2.0,383,Time [s],Liquid Level [%],191.5,85.77991173167455,True
1,Kp = 2.0,384,Time [s],Liquid Level [%],192.0,85.90720589035287,True
1,Kp = 2.0,385,Time [s],Liquid Level [%],192.5,86.03451177673796,True
1,Kp = 2.0,386,Time [s],Liquid Level [%],193.0,86.16182941775178,True
1,Kp = 2.0,387,Time [s],Liquid Level [%],193.5,86.28915884031964,True
1,Kp = 2.0,388,Time [s],Liquid Level [%],194.0,86.41650007137021,True
1,Kp = 2.0,389,Time [s],Liquid Level [%],194.5,86.54385313783548,True
1,Kp = 2.0,390,Time [s],Liquid Level [%],195.0,86.67121806665085,True
1,Kp = 2.0,391,Time [s],Liquid Level [%],195.5,86.79859488475505,True
1,Kp = 2.0,392,Time [s],Liquid Level [%],196.0,86.92598361909023,True
1,Kp = 2.0,393,Time [s],Liquid Level [%],196.5,87.05338429660188,True
1,Kp = 2.0,394,Time [s],Liquid Level [%],197.0,87.18079694423889,True
1,Kp = 2.0,395,Time [s],Liquid Level [%],197.5,87.30822158895357,True
1,Kp = 2.0,396,Time [s],Liquid Level [%],198.0,87.4356582577016,True
1,Kp = 2.0,397,Time [s],Liquid Level [%],198.5,87.56310697744206,True
1,Kp = 2.0,398,Time [s],Liquid Level [%],199.0,87.69056777513747,True
1,Kp = 2.0,399,Time [s],Liquid Level [%],199.5,87.81804067775374,True
1,Kp = 2.0,400,Time [s],Liquid Level [%],200.0,87.9455257122602,True
1,Kp = 2.0,401,Time [s],Liquid Level [%],200.5,88.07302290562966,True
1,Kp = 2.0,402,Time [s],Liquid Level [%],201.0,88.20053228483826,True
1,Kp = 2.0,403,Time [s],Liquid Level [%],201.5,88.32805387686568,True
1,Kp = 2.0,404,Time [s],Liquid Level [%],202.0,88.45558770869502,True
1,Kp = 2.0,405,Time [s],Liquid Level [%],202.5,88.58313380731278,True
1,Kp = 2.0,406,Time [s],Liquid Level [%],203.0,88.71069219970896,True
1,Kp = 2.0,407,Time [s],Liquid Level [%],203.5,88.83826291287703,True
1,Kp = 2.0,408,Time [s],Liquid Level [%],204.0,88.9658459738139,True
1,Kp = 2.0,409,Time [s],Liquid Level [%],204.5,89.09344140951995,True
1,Kp = 2.0,410,Time [s],Liquid Level [%],205.0,89.2210492469991,True
1,Kp = 2.0,411,Time [s],Liquid Level [%],205.5,89.34866951325867,True
1,Kp = 2.0,412,Time [s],Liquid Level [%],206.0,89.47630223530953,True
1,Kp = 2.0,413,Time [s],Liquid Level [%],206.5,89.60394744016602,True
1,Kp = 2.0,414,Time [s],Liquid Level [%],207.0,89.731605154846,True
1,Kp = 2.0,415,Time [s],Liquid Level [%],207.5,89.8592754063708,True
1,Kp = 2.0,416,Time [s],Liquid Level [%],208.0,89.9869582217653,True
1,Kp = 2.0,417,Time [s],Liquid Level [%],208.5,90.11465362805792,True
1,Kp = 2.0,418,Time [s],Liquid Level [%],209.0,90.24236165228055,True
1,Kp = 2.0,419,Time [s],Liquid Level [%],209.5,90.37008232146864,True
1,Kp = 2.0,420,Time [s],Liquid Level [%],210.0,90.49781566266118,True
1,Kp = 2.0,421,Time [s],Liquid Level [%],210.5,90.6255617029007,True
1,Kp = 2.0,422,Time [s],Liquid Level [%],211.0,90.75332046923324,True
1,Kp = 2.0,423,Time [s],Liquid Level [%],211.5,90.88109198870848,True
1,Kp = 2.0,424,Time [s],Liquid Level [%],212.0,91.00887628837955,True
1,Kp = 2.0,425,Time [s],Liquid Level [%],212.5,91.13667339530326,True
1,Kp = 2.0,426,Time [s],Liquid Level [%],213.0,91.2644833365399,True
1,Kp = 2.0,427,Time [s],Liquid Level [%],213.5,91.39230613915339,True
1,Kp = 2.0,428,Time [s],Liquid Level [%],214.0,91.5201418302112,True
1,Kp = 2.0,429,Time [s],Liquid Level [%],214.5,91.6479904367844,True
1,Kp = 2.0,430,Time [s],Liquid Level [%],215.0,91.77585198594767,True
1,Kp = 2.0,431,Time [s],Liquid Level [%],215.5,91.90372650477927,True
1,Kp = 2.0,432,Time [s],Liquid Level [%],216.0,92.03161402036108,True
1,Kp = 2.0,433,Time [s],Liquid Level [%],216.5,92.15951455977857,True
1,Kp = 2.0,434,Time [s],Liquid Level [%],217.0,92.28742815012086,True
1,Kp = 2.0,435,Time [s],Liquid Level [%],217.5,92.41535481848068,True
1,Kp = 2.0,436,Time [s],Liquid Level [%],218.0,92.54329459195436,True
1,Kp = 2.0,437,Time [s],Liquid Level [%],218.5,92.6712474976419,True
1,Kp = 2.0,438,Time [s],Liquid Level [%],219.0,92.79921356264694,True
1,Kp = 2.0,439,Time [s],Liquid Level [%],219.5,92.92719281407675,True
1,Kp = 2.0,440,Time [s],Liquid Level [%],220.0,93.05518527904223,True
1,Kp = 2.0,441,Time [s],Liquid Level [%],220.5,93.183190984658,True
1,Kp = 2.0,442,Time [s],Liquid Level [%],221.0,93.31120995804228,True
1,Kp = 2.0,443,Time [s],Liquid Level [%],221.5,93.43924222631702,True
1,Kp = 2.0,444,Time [s],Liquid Level [%],222.0,93.56728781660779,True
1,Kp = 2.0,445,Time [s],Liquid Level [%],222.5,93.69534675604388,True
1,Kp = 2.0,446,Time [s],Liquid Level [%],223.0,93.82341907175822,True
1,Kp = 2.0,447,Time [s],Liquid Level [%],223.5,93.95150479088751,True
1,Kp = 2.0,448,Time [s],Liquid Level [%],224.0,94.07960394057206,True
1,Kp = 2.0,449,Time [s],Liquid Level [%],224.5,94.20771654795594,True
1,Kp = 2.0,450,Time [s],Liquid Level [%],225.0,94.33584264018691,True
1,Kp = 2.0,451,Time [s],Liquid Level [%],225.5,94.46398224441646,True
1,Kp = 2.0,452,Time [s],Liquid Level [%],226.0,94.59213538779977,True
1,Kp = 2.0,453,Time [s],Liquid Level [%],226.5,94.72030209749579,True
1,Kp = 2.0,454,Time [s],Liquid Level [%],227.0,94.84848240066718,True
1,Kp = 2.0,455,Time [s],Liquid Level [%],227.5,94.97667632448032,True
1,Kp = 2.0,456,Time [s],Liquid Level [%],228.0,95.10488389610539,True
1,Kp = 2.0,457,Time [s],Liquid Level [%],228.5,95.23310514271624,True
1,Kp = 2.0,458,Time [s],Liquid Level [%],229.0,95.36134009149056,True
1,Kp = 2.0,459,Time [s],Liquid Level [%],229.5,95.48958876960974,True
1,Kp = 2.0,460,Time [s],Liquid Level [%],230.0,95.61785120425897,True
1,Kp = 2.0,461,Time [s],Liquid Level [%],230.5,95.7461274226272,True
1,Kp = 2.0,462,Time [s],Liquid Level [%],231.0,95.87441745190716,True
1,Kp = 2.0,463,Time [s],Liquid Level [%],231.5,96.00272131929538,True
1,Kp = 2.0,464,Time [s],Liquid Level [%],232.0,96.13103905199215,True
1,Kp = 2.0,465,Time [s],Liquid Level [%],232.5,96.25937067720159,True
1,Kp = 2.0,466,Time [s],Liquid Level [%],233.0,96.38771622213159,True
1,Kp = 2.0,467,Time [s],Liquid Level [%],233.5,96.51607571399387,True
1,Kp = 2.0,468,Time [s],Liquid Level [%],234.0,96.64444918000396,True
1,Kp = 2.0,469,Time [s],Liquid Level [%],234.5,96.77283664738121,True
1,Kp = 2.0,470,Time [s],Liquid Level [%],235.0,96.9012381433488,True
1,Kp = 2.0,471,Time [s],Liquid Level [%],235.5,97.02965369513373,True
1,Kp = 2.0,472,Time [s],Liquid Level [%],236.0,97.15808332996684,True
1,Kp = 2.0,473,Time [s],Liquid Level [%],236.5,97.28652707508284,True
1,Kp = 2.0,474,Time [s],Liquid Level [%],237.0,97.41498495772024,True
1,Kp = 2.0,475,Time [s],Liquid Level [%],237.5,97.54345700512144,True
1,Kp = 2.0,476,Time [s],Liquid Level [%],238.0,97.67194324453267,True
1,Kp = 2.0,477,Time [s],Liquid Level [%],238.5,97.80044370320407,True
1,Kp = 2.0,478,Time [s],Liquid Level [%],239.0,97.9289584083896,True
1,Kp = 2.0,479,Time [s],Liquid Level [%],239.5,98.05748738734717,True
1,Kp = 2.0,480,Time [s],Liquid Level [%],240.0,98.18603066733847,True
1,Kp = 2.0,481,Time [s],Liquid Level [%],240.5,98.31458827562919,True
1,Kp = 2.0,482,Time [s],Liquid Level [%],241.0,98.44316023948883,True
1,Kp = 2.0,483,Time [s],Liquid Level [%],241.5,98.57174658619086,True
1,Kp = 2.0,484,Time [s],Liquid Level [%],242.0,98.70034734301258,True
1,Kp = 2.0,485,Time [s],Liquid Level [%],242.5,98.82896253723527,True
1,Kp = 2.0,486,Time [s],Liquid Level [%],243.0,98.9575921961441,True
1,Kp = 2.0,487,Time [s],Liquid Level [%],243.5,99.08623634702816,True
1,Kp = 2.0,488,Time [s],Liquid Level [%],244.0,99.2148950171805,True
1,Kp = 2.0,489,Time [s],Liquid Level [%],244.5,99.34356823389804,True
1,Kp = 2.0,490,Time [s],Liquid Level [%],245.0,99.47225602448171,True
1,Kp = 2.0,491,Time [s],Liquid Level [%],245.5,99.60095841623637,True
1,Kp = 2.0,492,Time [s],Liquid Level [%],246.0,99.7296754364708,True
1,Kp = 2.0,493,Time [s],Liquid Level [%],246.5,99.85840711249779,True
1,Kp = 2.0,494,Time [s],Liquid Level [%],247.0,99.98715347163404,True
1,Kp = 2.0,495,Time [s],Liquid Level [%],247.5,100.0,True
1,Kp = 2.0,496,Time [s],Liquid Level [%],248.0,100.0,True
1,Kp = 2.0,497,Time [s],Liquid Level [%],248.5,100.0,True
1,Kp = 2.0,498,Time [s],Liquid Level [%],249.0,100.0,True
1,Kp = 2.0,499,Time [s],Liquid Level [%],249.5,100.0,True
1,Kp = 2.0,500,Time [s],Liquid Level [%],250.0,100.0,True
1,Kp = 2.0,501,Time [s],Liquid Level [%],250.5,100.0,True
1,Kp = 2.0,502,Time [s],Liquid Level [%],251.0,100.0,True
1,Kp = 2.0,503,Time [s],Liquid Level [%],251.5,100.0,True
1,Kp = 2.0,504,Time [s],Liquid Level [%],252.0,100.0,True
1,Kp = 2.0,505,Time [s],Liquid Level [%],252.5,100.0,True
1,Kp = 2.0,506,Time [s],Liquid Level [%],253.0,100.0,True
1,Kp = 2.0,507,Time [s],Liquid Level [%],253.5,100.0,True
1,Kp = 2.0,508,Time [s],Liquid Level [%],254.0,100.0,True
1,Kp = 2.0,509,Time [s],Liquid Level [%],254.5,100.0,True
1,Kp = 2.0,510,Time [s],Liquid Level [%],255.0,100.0,True
1,Kp = 2.0,511,Time [s],Liquid Level [%],255.5,100.0,True
1,Kp = 2.0,512,Time [s],Liquid Level [%],256.0,100.0,True
1,Kp = 2.0,513,Time [s],Liquid Level [%],256.5,100.0,True
1,Kp = 2.0,514,Time [s],Liquid Level [%],257.0,100.0,True
1,Kp = 2.0,515,Time [s],Liquid Level [%],257.5,100.0,True
1,Kp = 2.0,516,Time [s],Liquid Level [%],258.0,100.0,True
1,Kp = 2.0,517,Time [s],Liquid Level [%],258.5,100.0,True
1,Kp = 2.0,518,Time [s],Liquid Level [%],259.0,100.0,True
1,Kp = 2.0,519,Time [s],Liquid Level [%],259.5,100.0,True
1,Kp = 2.0,520,Time [s],Liquid Level [%],260.0,100.0,True
1,Kp = 2.0,521,Time [s],Liquid Level [%],260.5,100.0,True
1,Kp = 2.0,522,Time [s],Liquid Level [%],261.0,100.0,True
1,Kp = 2.0,523,Time [s],Liquid Level [%],261.5,100.0,True
1,Kp = 2.0,524,Time [s],Liquid Level [%],262.0,100.0,True
1,Kp = 2.0,525,Time [s],Liquid Level [%],262.5,100.0,True
1,Kp = 2.0,526,Time [s],Liquid Level [%],263.0,100.0,True
1,Kp = 2.0,527,Time [s],Liquid Level [%],263.5,100.0,True
1,Kp = 2.0,528,Time [s],Liquid Level [%],264.0,100.0,True
1,Kp = 2.0,529,Time [s],Liquid Level [%],264.5,100.0,True
1,Kp = 2.0,530,Time [s],Liquid Level [%],265.0,100.0,True
1,Kp = 2.0,531,Time [s],Liquid Level [%],265.5,100.0,True
1,Kp = 2.0,532,Time [s],Liquid Level [%],266.0,100.0,True
1,Kp = 2.0,533,Time [s],Liquid Level [%],266.5,100.0,True
1,Kp = 2.0,534,Time [s],Liquid Level [%],267.0,100.0,True
1,Kp = 2.0,535,Time [s],Liquid Level [%],267.5,100.0,True
1,Kp = 2.0,536,Time [s],Liquid Level [%],268.0,100.0,True
1,Kp = 2.0,537,Time [s],Liquid Level [%],268.5,100.0,True
1,Kp = 2.0,538,Time [s],Liquid Level [%],269.0,100.0,True
1,Kp = 2.0,539,Time [s],Liquid Level [%],269.5,100.0,True
1,Kp = 2.0,540,Time [s],Liquid Level [%],270.0,100.0,True
1,Kp = 2.0,541,Time [s],Liquid Level [%],270.5,100.0,True
1,Kp = 2.0,542,Time [s],Liquid Level [%],271.0,100.0,True
1,Kp = 2.0,543,Time [s],Liquid Level [%],271.5,100.0,True
1,Kp = 2.0,544,Time [s],Liquid Level [%],272.0,100.0,True
1,Kp = 2.0,545,Time [s],Liquid Level [%],272.5,100.0,True
1,Kp = 2.0,546,Time [s],Liquid Level [%],273.0,100.0,True
1,Kp = 2.0,547,Time [s],Liquid Level [%],273.5,100.0,True
1,Kp = 2.0,548,Time [s],Liquid Level [%],274.0,100.0,True
1,Kp = 2.0,549,Time [s],Liquid Level [%],274.5,100.0,True
1,Kp = 2.0,550,Time [s],Liquid Level [%],275.0,100.0,True
1,Kp = 2.0,551,Time [s],Liquid Level [%],275.5,100.0,True
1,Kp = 2.0,552,Time [s],Liquid Level [%],276.0,100.0,True
1,Kp = 2.0,553,Time [s],Liquid Level [%],276.5,100.0,True
1,Kp = 2.0,554,Time [s],Liquid Level [%],277.0,100.0,True
1,Kp = 2.0,555,Time [s],Liquid Level [%],277.5,100.0,True
1,Kp = 2.0,556,Time [s],Liquid Level [%],278.0,100.0,True
1,Kp = 2.0,557,Time [s],Liquid Level [%],278.5,100.0,True
1,Kp = 2.0,558,Time [s],Liquid Level [%],279.0,100.0,True
1,Kp = 2.0,559,Time [s],Liquid Level [%],279.5,100.0,True
1,Kp = 2.0,560,Time [s],Liquid Level [%],280.0,100.0,True
1,Kp = 2.0,561,Time [s],Liquid Level [%],280.5,100.0,True
1,Kp = 2.0,562,Time [s],Liquid Level [%],281.0,100.0,True
1,Kp = 2.0,563,Time [s],Liquid Level [%],281.5,100.0,True
1,Kp = 2.0,564,Time [s],Liquid Level [%],282.0,100.0,True
1,Kp = 2.0,565,Time [s],Liquid Level [%],282.5,100.0,True
1,Kp = 2.0,566,Time [s],Liquid Level [%],283.0,100.0,True
1,Kp = 2.0,567,Time [s],Liquid Level [%],283.5,100.0,True
1,Kp = 2.0,568,Time [s],Liquid Level [%],284.0,100.0,True
1,Kp = 2.0,569,Time [s],Liquid Level [%],284.5,100.0,True
1,Kp = 2.0,570,Time [s],Liquid Level [%],285.0,100.0,True
1,Kp = 2.0,571,Time [s],Liquid Level [%],285.5,100.0,True
1,Kp = 2.0,572,Time [s],Liquid Level [%],286.0,100.0,True
1,Kp = 2.0,573,Time [s],Liquid Level [%],286.5,100.0,True
1,Kp = 2.0,574,Time [s],Liquid Level [%],287.0,100.0,True
1,Kp = 2.0,575,Time [s],Liquid Level [%],287.5,100.0,True
1,Kp = 2.0,576,Time [s],Liquid Level [%],288.0,100.0,True
1,Kp = 2.0,577,Time [s],Liquid Level [%],288.5,100.0,True
1,Kp = 2.0,578,Time [s],Liquid Level [%],289.0,100.0,True
1,Kp = 2.0,579,Time [s],Liquid Level [%],289.5,100.0,True
1,Kp = 2.0,580,Time [s],Liquid Level [%],290.0,100.0,True
1,Kp = 2.0,581,Time [s],Liquid Level [%],290.5,100.0,True
1,Kp = 2.0,582,Time [s],Liquid Level [%],291.0,100.0,True
1,Kp = 2.0,583,Time [s],Liquid Level [%],291.5,100.0,True
1,Kp = 2.0,584,Time [s],Liquid Level [%],292.0,100.0,True
1,Kp = 2.0,585,Time [s],Liquid Level [%],292.5,100.0,True
1,Kp = 2.0,586,Time [s],Liquid Level [%],293.0,100.0,True
1,Kp = 2.0,587,Time [s],Liquid Level [%],293.5,100.0,True
1,Kp = 2.0,588,Time [s],Liquid Level [%],294.0,100.0,True
1,Kp = 2.0,589,Time [s],Liquid Level [%],294.5,100.0,True
1,Kp = 2.0,590,Time [s],Liquid Level [%],295.0,100.0,True
1,Kp = 2.0,591,Time [s],Liquid Level [%],295.5,100.0,True
1,Kp = 2.0,592,Time [s],Liquid Level [%],296.0,100.0,True
1,Kp = 2.0,593,Time [s],Liquid Level [%],296.5,100.0,True
1,Kp = 2.0,594,Time [s],Liquid Level [%],297.0,100.0,True
1,Kp = 2.0,595,Time [s],Liquid Level [%],297.5,100.0,True
1,Kp = 2.0,596,Time [s],Liquid Level [%],298.0,100.0,True
1,Kp = 2.0,597,Time [s],Liquid Level [%],298.5,100.0,True
1,Kp = 2.0,598,Time [s],Liquid Level [%],299.0,100.0,True
1,Kp = 2.0,599,Time [s],Liquid Level [%],299.5,100.0,True
1,Kp = 5.0,0,Time [s],Liquid Level [%],0.0,50.0,True
1,Kp = 5.0,1,Time [s],Liquid Level [%],0.5,50.0,True
1,Kp = 5.0,2,Time [s],Liquid Level [%],1.0,50.0,True
1,Kp = 5.0,3,Time [s],Liquid Level [%],1.5,50.0,True
1,Kp = 5.0,4,Time [s],Liquid Level [%],2.0,50.0,True
1,Kp = 5.0,5,Time [s],Liquid Level [%],2.5,50.0,True
1,Kp = 5.0,6,Time [s],Liquid Level [%],3.0,50.0,True
1,Kp = 5.0,7,Time [s],Liquid Level [%],3.5,50.0,True
1,Kp = 5.0,8,Time [s],Liquid Level [%],4.0,50.0,True
1,Kp = 5.0,9,Time [s],Liquid Level [%],4.5,50.0,True
1,Kp = 5.0,10,Time [s],Liquid Level [%],5.0,50.0,True
1,Kp = 5.0,11,Time [s],Liquid Level [%],5.5,50.0,True
1,Kp = 5.0,12,Time [s],Liquid Level [%],6.0,50.0,True
1,Kp = 5.0,13,Time [s],Liquid Level [%],6.5,50.0,True
1,Kp = 5.0,14,Time [s],Liquid Level [%],7.0,50.0,True
1,Kp = 5.0,15,Time [s],Liquid Level [%],7.5,50.0,True
1,Kp = 5.0,16,Time [s],Liquid Level [%],8.0,50.0,True
1,Kp = 5.0,17,Time [s],Liquid Level [%],8.5,50.0,True
1,Kp = 5.0,18,Time [s],Liquid Level [%],9.0,50.0,True
1,Kp = 5.0,19,Time [s],Liquid Level [%],9.5,50.0,True
1,Kp = 5.0,20,Time [s],Liquid Level [%],10.0,50.0,True
1,Kp = 5.0,21,Time [s],Liquid Level [%],10.5,50.0,True
1,Kp = 5.0,22,Time [s],Liquid Level [%],11.0,50.0,True
1,Kp = 5.0,23,Time [s],Liquid Level [%],11.5,50.0,True
1,Kp = 5.0,24,Time [s],Liquid Level [%],12.0,50.0,True
1,Kp = 5.0,25,Time [s],Liquid Level [%],12.5,50.0,True
1,Kp = 5.0,26,Time [s],Liquid Level [%],13.0,50.0,True
1,Kp = 5.0,27,Time [s],Liquid Level [%],13.5,50.0,True
1,Kp = 5.0,28,Time [s],Liquid Level [%],14.0,50.0,True
1,Kp = 5.0,29,Time [s],Liquid Level [%],14.5,50.0,True
1,Kp = 5.0,30,Time [s],Liquid Level [%],15.0,50.0,True
1,Kp = 5.0,31,Time [s],Liquid Level [%],15.5,50.0,True
1,Kp = 5.0,32,Time [s],Liquid Level [%],16.0,50.0,True
1,Kp = 5.0,33,Time [s],Liquid Level [%],16.5,50.0,True
1,Kp = 5.0,34,Time [s],Liquid Level [%],17.0,50.0,True
1,Kp = 5.0,35,Time [s],Liquid Level [%],17.5,50.0,True
1,Kp = 5.0,36,Time [s],Liquid Level [%],18.0,50.0,True
1,Kp = 5.0,37,Time [s],Liquid Level [%],18.5,50.0,True
1,Kp = 5.0,38,Time [s],Liquid Level [%],19.0,50.0,True
1,Kp = 5.0,39,Time [s],Liquid Level [%],19.5,50.0,True
1,Kp = 5.0,40,Time [s],Liquid Level [%],20.0,50.0,True
1,Kp = 5.0,41,Time [s],Liquid Level [%],20.5,50.0,True
1,Kp = 5.0,42,Time [s],Liquid Level [%],21.0,50.0,True
1,Kp = 5.0,43,Time [s],Liquid Level [%],21.5,50.0,True
1,Kp = 5.0,44,Time [s],Liquid Level [%],22.0,50.0,True
1,Kp = 5.0,45,Time [s],Liquid Level [%],22.5,50.0,True
1,Kp = 5.0,46,Time [s],Liquid Level [%],23.0,50.0,True
1,Kp = 5.0,47,Time [s],Liquid Level [%],23.5,50.0,True
1,Kp = 5.0,48,Time [s],Liquid Level [%],24.0,50.0,True
1,Kp = 5.0,49,Time [s],Liquid Level [%],24.5,50.0,True
1,Kp = 5.0,50,Time [s],Liquid Level [%],25.0,50.0,True
1,Kp = 5.0,51,Time [s],Liquid Level [%],25.5,50.0,True
1,Kp = 5.0,52,Time [s],Liquid Level [%],26.0,50.0,True
1,Kp = 5.0,53,Time [s],Liquid Level [%],26.5,50.0,True
1,Kp = 5.0,54,Time [s],Liquid Level [%],27.0,50.0,True
1,Kp = 5.0,55,Time [s],Liquid Level [%],27.5,50.0,True
1,Kp = 5.0,56,Time [s],Liquid Level [%],28.0,50.0,True
1,Kp = 5.0,57,Time [s],Liquid Level [%],28.5,50.0,True
1,Kp = 5.0,58,Time [s],Liquid Level [%],29.0,50.0,True
1,Kp = 5.0,59,Time [s],Liquid Level [%],29.5,50.0,True
1,Kp = 5.0,60,Time [s],Liquid Level [%],30.0,50.0,True
1,Kp = 5.0,61,Time [s],Liquid Level [%],30.5,50.0,True
1,Kp = 5.0,62,Time [s],Liquid Level [%],31.0,50.0,True
1,Kp = 5.0,63,Time [s],Liquid Level [%],31.5,50.0,True
1,Kp = 5.0,64,Time [s],Liquid Level [%],32.0,50.0,True
1,Kp = 5.0,65,Time [s],Liquid Level [%],32.5,50.0,True
1,Kp = 5.0,66,Time [s],Liquid Level [%],33.0,50.0,True
1,Kp = 5.0,67,Time [s],Liquid Level [%],33.5,50.0,True
1,Kp = 5.0,68,Time [s],Liquid Level [%],34.0,50.0,True
1,Kp = 5.0,69,Time [s],Liquid Level [%],34.5,50.0,True
1,Kp = 5.0,70,Time [s],Liquid Level [%],35.0,50.0,True
1,Kp = 5.0,71,Time [s],Liquid Level [%],35.5,50.0,True
1,Kp = 5.0,72,Time [s],Liquid Level [%],36.0,50.0,True
1,Kp = 5.0,73,Time [s],Liquid Level [%],36.5,50.0,True
1,Kp = 5.0,74,Time [s],Liquid Level [%],37.0,50.0,True
1,Kp = 5.0,75,Time [s],Liquid Level [%],37.5,50.0,True
1,Kp = 5.0,76,Time [s],Liquid Level [%],38.0,50.0,True
1,Kp = 5.0,77,Time [s],Liquid Level [%],38.5,50.0,True
1,Kp = 5.0,78,Time [s],Liquid Level [%],39.0,50.0,True
1,Kp = 5.0,79,Time [s],Liquid Level [%],39.5,50.0,True
1,Kp = 5.0,80,Time [s],Liquid Level [%],40.0,50.0,True
1,Kp = 5.0,81,Time [s],Liquid Level [%],40.5,50.0,True
1,Kp = 5.0,82,Time [s],Liquid Level [%],41.0,50.0,True
1,Kp = 5.0,83,Time [s],Liquid Level [%],41.5,50.0,True
1,Kp = 5.0,84,Time [s],Liquid Level [%],42.0,50.0,True
1,Kp = 5.0,85,Time [s],Liquid Level [%],42.5,50.0,True
1,Kp = 5.0,86,Time [s],Liquid Level [%],43.0,50.0,True
1,Kp = 5.0,87,Time [s],Liquid Level [%],43.5,50.0,True
1,Kp = 5.0,88,Time [s],Liquid Level [%],44.0,50.0,True
1,Kp = 5.0,89,Time [s],Liquid Level [%],44.5,50.0,True
1,Kp = 5.0,90,Time [s],Liquid Level [%],45.0,50.0,True
1,Kp = 5.0,91,Time [s],Liquid Level [%],45.5,50.0,True
1,Kp = 5.0,92,Time [s],Liquid Level [%],46.0,50.0,True
1,Kp = 5.0,93,Time [s],Liquid Level [%],46.5,50.0,True
1,Kp = 5.0,94,Time [s],Liquid Level [%],47.0,50.0,True
1,Kp = 5.0,95,Time [s],Liquid Level [%],47.5,50.0,True
1,Kp = 5.0,96,Time [s],Liquid Level [%],48.0,50.0,True
1,Kp = 5.0,97,Time [s],Liquid Level [%],48.5,50.0,True
1,Kp = 5.0,98,Time [s],Liquid Level [%],49.0,50.0,True
1,Kp = 5.0,99,Time [s],Liquid Level [%],49.5,50.0,True
1,Kp = 5.0,100,Time [s],Liquid Level [%],50.0,50.125,True
1,Kp = 5.0,101,Time [s],Liquid Level [%],50.5,50.250114648437496,True
1,Kp = 5.0,102,Time [s],Liquid Level [%],51.0,50.3752399489041,True
1,Kp = 5.0,103,Time [s],Liquid Level [%],51.5,50.50037588079326,True
1,Kp = 5.0,104,Time [s],Liquid Level [%],52.0,50.62552251014869,True
1,Kp = 5.0,105,Time [s],Liquid Level [%],52.5,50.75067990309743,True
1,Kp = 5.0,106,Time [s],Liquid Level [%],53.0,50.87584812577769,True
1,Kp = 5.0,107,Time [s],Liquid Level [%],53.5,51.00102724433885,True
1,Kp = 5.0,108,Time [s],Liquid Level [%],54.0,51.12621732494148,True
1,Kp = 5.0,109,Time [s],Liquid Level [%],54.5,51.25141843375739,True
1,Kp = 5.0,110,Time [s],Liquid Level [%],55.0,51.376630636969644,True
1,Kp = 5.0,111,Time [s],Liquid Level [%],55.5,51.50185400077262,True
1,Kp = 5.0,112,Time [s],Liquid Level [%],56.0,51.62708859137203,True
1,Kp = 5.0,113,Time [s],Liquid Level [%],56.5,51.75233447498496,True
1,Kp = 5.0,114,Time [s],Liquid Level [%],57.0,51.87759171783991,True
1,Kp = 5.0,115,Time [s],Liquid Level [%],57.5,52.00286038617682,True
1,Kp = 5.0,116,Time [s],Liquid Level [%],58.0,52.1281405462471,True
1,Kp = 5.0,117,Time [s],Liquid Level [%],58.5,52.253432264313716,True
1,Kp = 5.0,118,Time [s],Liquid Level [%],59.0,52.37873560665113,True
1,Kp = 5.0,119,Time [s],Liquid Level [%],59.5,52.50405063954543,True
1,Kp = 5.0,120,Time [s],Liquid Level [%],60.0,52.62937742929431,True
1,Kp = 5.0,121,Time [s],Liquid Level [%],60.5,52.75471604220713,True
1,Kp = 5.0,122,Time [s],Liquid Level [%],61.0,52.88006654460492,True
1,Kp = 5.0,123,Time [s],Liquid Level [%],61.5,53.00542900282048,True
1,Kp = 5.0,124,Time [s],Liquid Level [%],62.0,53.13080348319834,True
1,Kp = 5.0,125,Time [s],Liquid Level [%],62.5,53.25619005209485,True
1,Kp = 5.0,126,Time [s],Liquid Level [%],63.0,53.3815887758782,True
1,Kp = 5.0,127,Time [s],Liquid Level [%],63.5,53.506999720928405,True
1,Kp = 5.0,128,Time [s],Liquid Level [%],64.0,53.63242295363745,True
1,Kp = 5.0,129,Time [s],Liquid Level [%],64.5,53.75785854040922,True
1,Kp = 5.0,130,Time [s],Liquid Level [%],65.0,53.8833065476596,True
1,Kp = 5.0,131,Time [s],Liquid Level [%],65.5,54.00876704181648,True
1,Kp = 5.0,132,Time [s],Liquid Level [%],66.0,54.134240089319796,True
1,Kp = 5.0,133,Time [s],Liquid Level [%],66.5,54.25972575662157,True
1,Kp = 5.0,134,Time [s],Liquid Level [%],67.0,54.385224110185945,True
1,Kp = 5.0,135,Time [s],Liquid Level [%],67.5,54.51073521648924,True
1,Kp = 5.0,136,Time [s],Liquid Level [%],68.0,54.636259142019924,True
1,Kp = 5.0,137,Time [s],Liquid Level [%],68.5,54.761795953278735,True
1,Kp = 5.0,138,Time [s],Liquid Level [%],69.0,54.88734571677865,True
1,Kp = 5.0,139,Time [s],Liquid Level [%],69.5,55.01290849904494,True
1,Kp = 5.0,140,Time [s],Liquid Level [%],70.0,55.138484366615245,True
1,Kp = 5.0,141,Time [s],Liquid Level [%],70.5,55.264073386039534,True
1,Kp = 5.0,142,Time [s],Liquid Level [%],71.0,55.38967562388022,True
1,Kp = 5.0,143,Time [s],Liquid Level [%],71.5,55.51529114671212,True
1,Kp = 5.0,144,Time [s],Liquid Level [%],72.0,55.640920021122554,True
1,Kp = 5.0,145,Time [s],Liquid Level [%],72.5,55.76656231371134,True
1,Kp = 5.0,146,Time [s],Liquid Level [%],73.0,55.892218091090875,True
1,Kp = 5.0,147,Time [s],Liquid Level [%],73.5,56.0178874198861,True
1,Kp = 5.0,148,Time [s],Liquid Level [%],74.0,56.14357036673461,True
1,Kp = 5.0,149,Time [s],Liquid Level [%],74.5,56.269266998286625,True
1,Kp = 5.0,150,Time [s],Liquid Level [%],75.0,56.394977381205095,True
1,Kp = 5.0,151,Time [s],Liquid Level [%],75.5,56.52070158216566,True
1,Kp = 5.0,152,Time [s],Liquid Level [%],76.0,56.64643966785674,True
1,Kp = 5.0,153,Time [s],Liquid Level [%],76.5,56.77219170497957,True
1,Kp = 5.0,154,Time [s],Liquid Level [%],77.0,56.8979577602482,True
1,Kp = 5.0,155,Time [s],Liquid Level [%],77.5,57.02373790038955,True
1,Kp = 5.0,156,Time [s],Liquid Level [%],78.0,57.14953219214347,True
1,Kp = 5.0,157,Time [s],Liquid Level [%],78.5,57.27534070226273,True
1,Kp = 5.0,158,Time [s],Liquid Level [%],79.0,57.40116349751309,True
1,Kp = 5.0,159,Time [s],Liquid Level [%],79.5,57.52700064467331,True
1,Kp = 5.0,160,Time [s],Liquid Level [%],80.0,57.65285221053522,True
1,Kp = 5.0,161,Time [s],Liquid Level [%],80.5,57.77871826190374,True
1,Kp = 5.0,162,Time [s],Liquid Level [%],81.0,57.90459886559688,True
1,Kp = 5.0,163,Time [s],Liquid Level [%],81.5,58.03049408844585,True
1,Kp = 5.0,164,Time [s],Liquid Level [%],82.0,58.15640399729502,True
1,Kp = 5.0,165,Time [s],Liquid Level [%],82.5,58.28232865900201,True
1,Kp = 5.0,166,Time [s],Liquid Level [%],83.0,58.408268140437706,True
1,Kp = 5.0,167,Time [s],Liquid Level [%],83.5,58.53422250848628,True
1,Kp = 5.0,168,Time [s],Liquid Level [%],84.0,58.660191830045264,True
1,Kp = 5.0,169,Time [s],Liquid Level [%],84.5,58.78617617202554,True
1,Kp = 5.0,170,Time [s],Liquid Level [%],85.0,58.91217560135142,True
1,Kp = 5.0,171,Time [s],Liquid Level [%],85.5,59.03819018496067,True
1,Kp = 5.0,172,Time [s],Liquid Level [%],86.0,59.1642199898045,True
1,Kp = 5.0,173,Time [s],Liquid Level [%],86.5,59.29026508284768,True
1,Kp = 5.0,174,Time [s],Liquid Level [%],87.0,59.416325531068516,True
1,Kp = 5.0,175,Time [s],Liquid Level [%],87.5,59.54240140145889,True
1,Kp = 5.0,176,Time [s],Liquid Level [%],88.0,59.66849276102434,True
1,Kp = 5.0,177,Time [s],Liquid Level [%],88.5,59.794599676784046,True
1,Kp = 5.0,178,Time [s],Liquid Level [%],89.0,59.92072221577088,True
1,Kp = 5.0,179,Time [s],Liquid Level [%],89.5,60.04686044503148,True
1,Kp = 5.0,180,Time [s],Liquid Level [%],90.0,60.17301443162623,True
1,Kp = 5.0,181,Time [s],Liquid Level [%],90.5,60.29918424262932,True
1,Kp = 5.0,182,Time [s],Liquid Level [%],91.0,60.42536994512881,True
1,Kp = 5.0,183,Time [s],Liquid Level [%],91.5,60.55157160622658,True
1,Kp = 5.0,184,Time [s],Liquid Level [%],92.0,60.6777892930385,True
1,Kp = 5.0,185,Time [s],Liquid Level [%],92.5,60.804023072694335,True
1,Kp = 5.0,186,Time [s],Liquid Level [%],93.0,60.93027301233786,True
1,Kp = 5.0,187,Time [s],Liquid Level [%],93.5,61.056539179126865,True
1,Kp = 5.0,188,Time [s],Liquid Level [%],94.0,61.18282164023322,True
1,Kp = 5.0,189,Time [s],Liquid Level [%],94.5,61.30912046284287,True
1,Kp = 5.0,190,Time [s],Liquid Level [%],95.0,61.43543571415589,True
1,Kp = 5.0,191,Time [s],Liquid Level [%],95.5,61.56176746138655,True
1,Kp = 5.0,192,Time [s],Liquid Level [%],96.0,61.68811577176329,True
1,Kp = 5.0,193,Time [s],Liquid Level [%],96.5,61.81448071252882,True
1,Kp = 5.0,194,Time [s],Liquid Level [%],97.0,61.94086235094011,True
1,Kp = 5.0,195,Time [s],Liquid Level [%],97.5,62.06726075426844,True
1,Kp = 5.0,196,Time [s],Liquid Level [%],98.0,62.19367598979946,True
1,Kp = 5.0,197,Time [s],Liquid Level [%],98.5,62.32010812483318,True
1,Kp = 5.0,198,Time [s],Liquid Level [%],99.0,62.446557226684064,True
1,Kp = 5.0,199,Time [s],Liquid Level [%],99.5,62.573023362681,True
1,Kp = 5.0,200,Time [s],Liquid Level [%],100.0,62.699506600167396,True
1,Kp = 5.0,201,Time [s],Liquid Level [%],100.5,62.82600700650117,True
1,Kp = 5.0,202,Time [s],Liquid Level [%],101.0,62.95252464905483,True
1,Kp = 5.0,203,Time [s],Liquid Level [%],101.5,63.07905959521548,True
1,Kp = 5.0,204,Time [s],Liquid Level [%],102.0,63.20561191238485,True
1,Kp = 5.0,205,Time [s],Liquid Level [%],102.5,63.332181667979356,True
1,Kp = 5.0,206,Time [s],Liquid Level [%],103.0,63.45876892943014,True
1,Kp = 5.0,207,Time [s],Liquid Level [%],103.5,63.58537376418308,True
1,Kp = 5.0,208,Time [s],Liquid Level [%],104.0,63.71199623969884,True
1,Kp = 5.0,209,Time [s],Liquid Level [%],104.5,63.8386364234529,True
1,Kp = 5.0,210,Time [s],Liquid Level [%],105.0,63.9652943829356,True
1,Kp = 5.0,211,Time [s],Liquid Level [%],105.5,64.09197018565219,True
1,Kp = 5.0,212,Time [s],Liquid Level [%],106.0,64.21866389912284,True
1,Kp = 5.0,213,Time [s],Liquid Level [%],106.5,64.3453755908827,True
1,Kp = 5.0,214,Time [s],Liquid Level [%],107.0,64.4721053284819,True
1,Kp = 5.0,215,Time [s],Liquid Level [%],107.5,64.59885317948562,True
1,Kp = 5.0,216,Time [s],Liquid Level [%],108.0,64.72561921147411,True
1,Kp = 5.0,217,Time [s],Liquid Level [%],108.5,64.85240349204278,True
1,Kp = 5.0,218,Time [s],Liquid Level [%],109.0,64.97920608880212,True
1,Kp = 5.0,219,Time [s],Liquid Level [%],109.5,65.10602706937786,True
1,Kp = 5.0,220,Time [s],Liquid Level [%],110.0,65.23286650141092,True
1,Kp = 5.0,221,Time [s],Liquid Level [%],110.5,65.35972445255751,True
1,Kp = 5.0,222,Time [s],Liquid Level [%],111.0,65.48660099048911,True
1,Kp = 5.0,223,Time [s],Liquid Level [%],111.5,65.61349618289253,True
1,Kp = 5.0,224,Time [s],Liquid Level [%],112.0,65.74041009746999,True
1,Kp = 5.0,225,Time [s],Liquid Level [%],112.5,65.86734280193906,True
1,Kp = 5.0,226,Time [s],Liquid Level [%],113.0,65.99429436403278,True
1,Kp = 5.0,227,Time [s],Liquid Level [%],113.5,66.12126485149969,True
1,Kp = 5.0,228,Time [s],Liquid Level [%],114.0,66.2482543321038,True
1,Kp = 5.0,229,Time [s],Liquid Level [%],114.5,66.3752628736247,True
1,Kp = 5.0,230,Time [s],Liquid Level [%],115.0,66.50229054385758,True
1,Kp = 5.0,231,Time [s],Liquid Level [%],115.5,66.62933741061325,True
1,Kp = 5.0,232,Time [s],Liquid Level [%],116.0,66.75640354171813,True
1,Kp = 5.0,233,Time [s],Liquid Level [%],116.5,66.8834890050144,True
1,Kp = 5.0,234,Time [s],Liquid Level [%],117.0,67.01059386835996,True
1,Kp = 5.0,235,Time [s],Liquid Level [%],117.5,67.1377181996285,True
1,Kp = 5.0,236,Time [s],Liquid Level [%],118.0,67.26486206670947,True
1,Kp = 5.0,237,Time [s],Liquid Level [%],118.5,67.39202553750819,True
1,Kp = 5.0,238,Time [s],Liquid Level [%],119.0,67.51920867994589,True
1,Kp = 5.0,239,Time [s],Liquid Level [%],119.5,67.64641156195967,True
1,Kp = 5.0,240,Time [s],Liquid Level [%],120.0,67.77363425150261,True
1,Kp = 5.0,241,Time [s],Liquid Level [%],120.5,67.90087681654381,True
1,Kp = 5.0,242,Time [s],Liquid Level [%],121.0,68.02813932506835,True
1,Kp = 5.0,243,Time [s],Liquid Level [%],121.5,68.1554218450774,True
1,Kp = 5.0,244,Time [s],Liquid Level [%],122.0,68.28272444458823,True
1,Kp = 5.0,245,Time [s],Liquid Level [%],122.5,68.41004719163425,True
1,Kp = 5.0,246,Time [s],Liquid Level [%],123.0,68.53739015426505,True
1,Kp = 5.0,247,Time [s],Liquid Level [%],123.5,68.66475340054643,True
1,Kp = 5.0,248,Time [s],Liquid Level [%],124.0,68.79213699856044,True
1,Kp = 5.0,249,Time [s],Liquid Level [%],124.5,68.91954101640542,True
1,Kp = 5.0,250,Time [s],Liquid Level [%],125.0,69.04696552219602,True
1,Kp = 5.0,251,Time [s],Liquid Level [%],125.5,69.17441058406327,True
1,Kp = 5.0,252,Time [s],Liquid Level [%],126.0,69.30187627015457,True
1,Kp = 5.0,253,Time [s],Liquid Level [%],126.5,69.4293626486338,True
1,Kp = 5.0,254,Time [s],Liquid Level [%],127.0,69.55686978768126,True
1,Kp = 5.0,255,Time [s],Liquid Level [%],127.5,69.6843977554938,True
1,Kp = 5.0,256,Time [s],Liquid Level [%],128.0,69.81194662028481,True
1,Kp = 5.0,257,Time [s],Liquid Level [%],128.5,69.93951645028422,True
1,Kp = 5.0,258,Time [s],Liquid Level [%],129.0,70.06710731373863,True
1,Kp = 5.0,259,Time [s],Liquid Level [%],129.5,70.19471927891126,True
1,Kp = 5.0,260,Time [s],Liquid Level [%],130.0,70.32235241408205,True
1,Kp = 5.0,261,Time [s],Liquid Level [%],130.5,70.45000678754764,True
1,Kp = 5.0,262,Time [s],Liquid Level [%],131.0,70.57768246762147,True
1,Kp = 5.0,263,Time [s],Liquid Level [%],131.5,70.70537952263378,True
1,Kp = 5.0,264,Time [s],Liquid Level [%],132.0,70.8330980209316,True
1,Kp = 5.0,265,Time [s],Liquid Level [%],132.5,70.96083803087893,True
1,Kp = 5.0,266,Time [s],Liquid Level [%],133.0,71.08859962085658,True
1,Kp = 5.0,267,Time [s],Liquid Level [%],133.5,71.21638285926241,True
1,Kp = 5.0,268,Time [s],Liquid Level [%],134.0,71.34418781451119,True
1,Kp = 5.0,269,Time [s],Liquid Level [%],134.5,71.47201455503476,True
1,Kp = 5.0,270,Time [s],Liquid Level [%],135.0,71.59986314928202,True
1,Kp = 5.0,271,Time [s],Liquid Level [%],135.5,71.72773366571896,True
1,Kp = 5.0,272,Time [s],Liquid Level [%],136.0,71.8556261728287,True
1,Kp = 5.0,273,Time [s],Liquid Level [%],136.5,71.98354073911159,True
1,Kp = 5.0,274,Time [s],Liquid Level [%],137.0,72.11147743308508,True
1,Kp = 5.0,275,Time [s],Liquid Level [%],137.5,72.239436323284,True
1,Kp = 5.0,276,Time [s],Liquid Level [%],138.0,72.36741747826036,True
1,Kp = 5.0,277,Time [s],Liquid Level [%],138.5,72.49542096658357,True
1,Kp = 5.0,278,Time [s],Liquid Level [%],139.0,72.62344685684033,True
1,Kp = 5.0,279,Time [s],Liquid Level [%],139.5,72.75149521763481,True
1,Kp = 5.0,280,Time [s],Liquid Level [%],140.0,72.87956611758855,True
1,Kp = 5.0,281,Time [s],Liquid Level [%],140.5,73.00765962534061,True
1,Kp = 5.0,282,Time [s],Liquid Level [%],141.0,73.13577580954754,True
1,Kp = 5.0,283,Time [s],Liquid Level [%],141.5,73.26391473888344,True
1,Kp = 5.0,284,Time [s],Liquid Level [%],142.0,73.39207648203998,True
1,Kp = 5.0,285,Time [s],Liquid Level [%],142.5,73.52026110772647,True
1,Kp = 5.0,286,Time [s],Liquid Level [%],143.0,73.64846868466987,True
1,Kp = 5.0,287,Time [s],Liquid Level [%],143.5,73.77669928161482,True
1,Kp = 5.0,288,Time [s],Liquid Level [%],144.0,73.90495296732374,True
1,Kp = 5.0,289,Time [s],Liquid Level [%],144.5,74.03322981057676,True
1,Kp = 5.0,290,Time [s],Liquid Level [%],145.0,74.16152988017187,True
1,Kp = 5.0,291,Time [s],Liquid Level [%],145.5,74.28985324492488,True
1,Kp = 5.0,292,Time [s],Liquid Level [%],146.0,74.4181999736695,True
1,Kp = 5.0,293,Time [s],Liquid Level [%],146.5,74.54657013525731,True
1,Kp = 5.0,294,Time [s],Liquid Level [%],147.0,74.6749637985579,True
1,Kp = 5.0,295,Time [s],Liquid Level [%],147.5,74.80338103245884,True
1,Kp = 5.0,296,Time [s],Liquid Level [%],148.0,74.93182190586573,True
1,Kp = 5.0,297,Time [s],Liquid Level [%],148.5,75.06028648770224,True
1,Kp = 5.0,298,Time [s],Liquid Level [%],149.0,75.18877484691014,True
1,Kp = 5.0,299,Time [s],Liquid Level [%],149.5,75.31728705244933,True
1,Kp = 5.0,300,Time [s],Liquid Level [%],150.0,75.44582317329794,True
1,Kp = 5.0,301,Time [s],Liquid Level [%],150.5,75.57438327845229,True
1,Kp = 5.0,302,Time [s],Liquid Level [%],151.0,75.70296743692694,True
1,Kp = 5.0,303,Time [s],Liquid Level [%],151.5,75.83157571775477,True
1,Kp = 5.0,304,Time [s],Liquid Level [%],152.0,75.96020818998699,True
1,Kp = 5.0,305,Time [s],Liquid Level [%],152.5,76.08886492269316,True
1,Kp = 5.0,306,Time [s],Liquid Level [%],153.0,76.21754598496126,True
1,Kp = 5.0,307,Time [s],Liquid Level [%],153.5,76.34625144589774,True
1,Kp = 5.0,308,Time [s],Liquid Level [%],154.0,76.47498137462746,True
1,Kp = 5.0,309,Time [s],Liquid Level [%],154.5,76.60373584029388,True
1,Kp = 5.0,310,Time [s],Liquid Level [%],155.0,76.73251491205896,True
1,Kp = 5.0,311,Time [s],Liquid Level [%],155.5,76.86131865910329,True
1,Kp = 5.0,312,Time [s],Liquid Level [%],156.0,76.99014715062606,True
1,Kp = 5.0,313,Time [s],Liquid Level [%],156.5,77.11900045584518,True
1,Kp = 5.0,314,Time [s],Liquid Level [%],157.0,77.24787864399723,True
1,Kp = 5.0,315,Time [s],Liquid Level [%],157.5,77.37678178433751,True
1,Kp = 5.0,316,Time [s],Liquid Level [%],158.0,77.50570994614017,True
1,Kp = 5.0,317,Time [s],Liquid Level [%],158.5,77.63466319869812,True
1,Kp = 5.0,318,Time [s],Liquid Level [%],159.0,77.76364161132317,True
1,Kp = 5.0,319,Time [s],Liquid Level [%],159.5,77.89264525334599,True
1,Kp = 5.0,320,Time [s],Liquid Level [%],160.0,78.02167419411622,True
1,Kp = 5.0,321,Time [s],Liquid Level [%],160.5,78.15072850300244,True
1,Kp = 5.0,322,Time [s],Liquid Level [%],161.0,78.27980824939227,True
1,Kp = 5.0,323,Time [s],Liquid Level [%],161.5,78.40891350269234,True
1,Kp = 5.0,324,Time [s],Liquid Level [%],162.0,78.53804433232841,True
1,Kp = 5.0,325,Time [s],Liquid Level [%],162.5,78.6672008077453,True
1,Kp = 5.0,326,Time [s],Liquid Level [%],163.0,78.79638299840704,True
1,Kp = 5.0,327,Time [s],Liquid Level [%],163.5,78.92559097379687,True
1,Kp = 5.0,328,Time [s],Liquid Level [%],164.0,79.0548248034172,True
1,Kp = 5.0,329,Time [s],Liquid Level [%],164.5,79.1840845567898,True
1,Kp = 5.0,330,Time [s],Liquid Level [%],165.0,79.31337030345567,True
1,Kp = 5.0,331,Time [s],Liquid Level [%],165.5,79.4426821129752,True
1,Kp = 5.0,332,Time [s],Liquid Level [%],166.0,79.57202005492819,True
1,Kp = 5.0,333,Time [s],Liquid Level [%],166.5,79.7013841989138,True
1,Kp = 5.0,334,Time [s],Liquid Level [%],167.0,79.8307746145507,True
1,Kp = 5.0,335,Time [s],Liquid Level [%],167.5,79.96019137147707,True
1,Kp = 5.0,336,Time [s],Liquid Level [%],168.0,80.08963453935058,True
1,Kp = 5.0,337,Time [s],Liquid Level [%],168.5,80.21910418784854,True
1,Kp = 5.0,338,Time [s],Liquid Level [%],169.0,80.34860038666783,True
1,Kp = 5.0,339,Time [s],Liquid Level [%],169.5,80.47812320552498,True
1,Kp = 5.0,340,Time [s],Liquid Level [%],170.0,80.60767271415624,True
1,Kp = 5.0,341,Time [s],Liquid Level [%],170.5,80.73724898231755,True
1,Kp = 5.0,342,Time [s],Liquid Level [%],171.0,80.86685207978468,True
1,Kp = 5.0,343,Time [s],Liquid Level [%],171.5,80.99648207635313,True
1,Kp = 5.0,344,Time [s],Liquid Level [%],172.0,81.12613904183831,True
1,Kp = 5.0,345,Time [s],Liquid Level [%],172.5,81.25582304607548,True
1,Kp = 5.0,346,Time [s],Liquid Level [%],173.0,81.38553415891977,True
1,Kp = 5.0,347,Time [s],Liquid Level [%],173.5,81.51527245024636,True
1,Kp = 5.0,348,Time [s],Liquid Level [%],174.0,81.64503798995035,True
1,Kp = 5.0,349,Time [s],Liquid Level [%],174.5,81.77483084794692,True
1,Kp = 5.0,350,Time [s],Liquid Level [%],175.0,81.90465109417131,True
1,Kp = 5.0,351,Time [s],Liquid Level [%],175.5,82.03449879857885,True
1,Kp = 5.0,352,Time [s],Liquid Level [%],176.0,82.16437403114503,True
1,Kp = 5.0,353,Time [s],Liquid Level [%],176.5,82.29427686186553,True
1,Kp = 5.0,354,Time [s],Liquid Level [%],177.0,82.42420736075624,True
1,Kp = 5.0,355,Time [s],Liquid Level [%],177.5,82.55416559785334,True
1,Kp = 5.0,356,Time [s],Liquid Level [%],178.0,82.6841516432133,True
1,Kp = 5.0,357,Time [s],Liquid Level [%],178.5,82.8141655669129,True
1,Kp = 5.0,358,Time [s],Liquid Level [%],179.0,82.94420743904932,True
1,Kp = 5.0,359,Time [s],Liquid Level [%],179.5,83.07427732974017,True
1,Kp = 5.0,360,Time [s],Liquid Level [%],180.0,83.20437530912346,True
1,Kp = 5.0,361,Time [s],Liquid Level [%],180.5,83.33450144735777,True
1,Kp = 5.0,362,Time [s],Liquid Level [%],181.0,83.46465581462213,True
1,Kp = 5.0,363,Time [s],Liquid Level [%],181.5,83.5948384811162,True
1,Kp = 5.0,364,Time [s],Liquid Level [%],182.0,83.7250495170602,True
1,Kp = 5.0,365,Time [s],Liquid Level [%],182.5,83.85528899269504,True
1,Kp = 5.0,366,Time [s],Liquid Level [%],183.0,83.98555697828226,True
1,Kp = 5.0,367,Time [s],Liquid Level [%],183.5,84.11585354410418,True
1,Kp = 5.0,368,Time [s],Liquid Level [%],184.0,84.24617876046383,True
1,Kp = 5.0,369,Time [s],Liquid Level [%],184.5,84.37653269768506,True
1,Kp = 5.0,370,Time [s],Liquid Level [%],185.0,84.50691542611256,True
1,Kp = 5.0,371,Time [s],Liquid Level [%],185.5,84.63732701611188,True
1,Kp = 5.0,372,Time [s],Liquid Level [%],186.0,84.7677675380695,True
1,Kp = 5.0,373,Time [s],Liquid Level [%],186.5,84.89823706239285,True
1,Kp = 5.0,374,Time [s],Liquid Level [%],187.0,85.02873565951032,True
1,Kp = 5.0,375,Time [s],Liquid Level [%],187.5,85.15926339987138,True
1,Kp = 5.0,376,Time [s],Liquid Level [%],188.0,85.28982035394652,True
1,Kp = 5.0,377,Time [s],Liquid Level [%],188.5,85.42040659222737,True
1,Kp = 5.0,378,Time [s],Liquid Level [%],189.0,85.55102218522667,True
1,Kp = 5.0,379,Time [s],Liquid Level [%],189.5,85.68166720347838,True
1,Kp = 5.0,380,Time [s],Liquid Level [%],190.0,85.81234171753766,True
1,Kp = 5.0,381,Time [s],Liquid Level [%],190.5,85.94304579798093,True
1,Kp = 5.0,382,Time [s],Liquid Level [%],191.0,86.07377951540592,True
1,Kp = 5.0,383,Time [s],Liquid Level [%],191.5,86.20454294043166,True
1,Kp = 5.0,384,Time [s],Liquid Level [%],192.0,86.3353361436986,True
1,Kp = 5.0,385,Time [s],Liquid Level [%],192.5,86.4661591958686,True
1,Kp = 5.0,386,Time [s],Liquid Level [%],193.0,86.59701216762494,True
1,Kp = 5.0,387,Time [s],Liquid Level [%],193.5,86.72789512967243,True
1,Kp = 5.0,388,Time [s],Liquid Level [%],194.0,86.85880815273737,True
1,Kp = 5.0,389,Time [s],Liquid Level [%],194.5,86.98975130756766,True
1,Kp = 5.0,390,Time [s],Liquid Level [%],195.0,87.1207246649328,True
1,Kp = 5.0,391,Time [s],Liquid Level [%],195.5,87.25172829562392,True
1,Kp = 5.0,392,Time [s],Liquid Level [%],196.0,87.38276227045387,True
1,Kp = 5.0,393,Time [s],Liquid Level [%],196.5,87.51382666025717,True
1,Kp = 5.0,394,Time [s],Liquid Level [%],197.0,87.64492153589015,True
1,Kp = 5.0,395,Time [s],Liquid Level [%],197.5,87.77604696823093,True
1,Kp = 5.0,396,Time [s],Liquid Level [%],198.0,87.90720302817947,True
1,Kp = 5.0,397,Time [s],Liquid Level [%],198.5,88.03838978665758,True
1,Kp = 5.0,398,Time [s],Liquid Level [%],199.0,88.16960731460901,True
1,Kp = 5.0,399,Time [s],Liquid Level [%],199.5,88.30085568299948,True
1,Kp = 5.0,400,Time [s],Liquid Level [%],200.0,88.43213496281669,True
1,Kp = 5.0,401,Time [s],Liquid Level [%],200.5,88.56344522507035,True
1,Kp = 5.0,402,Time [s],Liquid Level [%],201.0,88.69478654079231,True
1,Kp = 5.0,403,Time [s],Liquid Level [%],201.5,88.82615898103644,True
1,Kp = 5.0,404,Time [s],Liquid Level [%],202.0,88.95756261687883,True
1,Kp = 5.0,405,Time [s],Liquid Level [%],202.5,89.08899751941775,True
1,Kp = 5.0,406,Time [s],Liquid Level [%],203.0,89.22046375977365,True
1,Kp = 5.0,407,Time [s],Liquid Level [%],203.5,89.35196140908931,True
1,Kp = 5.0,408,Time [s],Liquid Level [%],204.0,89.48349053852978,True
1,Kp = 5.0,409,Time [s],Liquid Level [%],204.5,89.61505121928246,True
1,Kp = 5.0,410,Time [s],Liquid Level [%],205.0,89.74664352255715,True
1,Kp = 5.0,411,Time [s],Liquid Level [%],205.5,89.87826751958605,True
1,Kp = 5.0,412,Time [s],Liquid Level [%],206.0,90.00992328162381,True
1,Kp = 5.0,413,Time [s],Liquid Level [%],206.5,90.14161087994765,True
1,Kp = 5.0,414,Time [s],Liquid Level [%],207.0,90.27333038585724,True
1,Kp = 5.0,415,Time [s],Liquid Level [%],207.5,90.40508187067488,True
1,Kp = 5.0,416,Time [s],Liquid Level [%],208.0,90.53686540574549,True
1,Kp = 5.0,417,Time [s],Liquid Level [%],208.5,90.66868106243663,True
1,Kp = 5.0,418,Time [s],Liquid Level [%],209.0,90.80052891213857,True
1,Kp = 5.0,419,Time [s],Liquid Level [%],209.5,90.93240902626431,True
1,Kp = 5.0,420,Time [s],Liquid Level [%],210.0,91.0643214762496,True
1,Kp = 5.0,421,Time [s],Liquid Level [%],210.5,91.19626633355306,True
1,Kp = 5.0,422,Time [s],Liquid Level [%],211.0,91.32824366965609,True
1,Kp = 5.0,423,Time [s],Liquid Level [%],211.5,91.46025355606305,True
1,Kp = 5.0,424,Time [s],Liquid Level [%],212.0,91.5922960643012,True
1,Kp = 5.0,425,Time [s],Liquid Level [%],212.5,91.72437126592075,True
1,Kp = 5.0,426,Time [s],Liquid Level [%],213.0,91.85647923249495,True
1,Kp = 5.0,427,Time [s],Liquid Level [%],213.5,91.9886200356201,True
1,Kp = 5.0,428,Time [s],Liquid Level [%],214.0,92.12079374691557,True
1,Kp = 5.0,429,Time [s],Liquid Level [%],214.5,92.25300043802386,True
1,Kp = 5.0,430,Time [s],Liquid Level [%],215.0,92.38524018061065,True
1,Kp = 5.0,431,Time [s],Liquid Level [%],215.5,92.51751304636483,True
1,Kp = 5.0,432,Time [s],Liquid Level [%],216.0,92.64981910699849,True
1,Kp = 5.0,433,Time [s],Liquid Level [%],216.5,92.78215843424705,True
1,Kp = 5.0,434,Time [s],Liquid Level [%],217.0,92.91453109986925,True
1,Kp = 5.0,435,Time [s],Liquid Level [%],217.5,93.04693717564719,True
1,Kp = 5.0,436,Time [s],Liquid Level [%],218.0,93.17937673338635,True
1,Kp = 5.0,437,Time [s],Liquid Level [%],218.5,93.31184984491566,True
1,Kp = 5.0,438,Time [s],Liquid Level [%],219.0,93.44435658208756,True
1,Kp = 5.0,439,Time [s],Liquid Level [%],219.5,93.57689701677798,True
1,Kp = 5.0,440,Time [s],Liquid Level [%],220.0,93.70947122088641,True
1,Kp = 5.0,441,Time [s],Liquid Level [%],220.5,93.84207926633597,True
1,Kp = 5.0,442,Time [s],Liquid Level [%],221.0,93.97472122507338,True
1,Kp = 5.0,443,Time [s],Liquid Level [%],221.5,94.10739716906907,True
1,Kp = 5.0,444,Time [s],Liquid Level [%],222.0,94.24010717031717,True
1,Kp = 5.0,445,Time [s],Liquid Level [%],222.5,94.37285130083556,True
1,Kp = 5.0,446,Time [s],Liquid Level [%],223.0,94.50562963266593,True
1,Kp = 5.0,447,Time [s],Liquid Level [%],223.5,94.63844223787382,True
1,Kp = 5.0,448,Time [s],Liquid Level [%],224.0,94.77128918854862,True
1,Kp = 5.0,449,Time [s],Liquid Level [%],224.5,94.90417055680366,True
1,Kp = 5.0,450,Time [s],Liquid Level [%],225.0,95.0370864147762,True
1,Kp = 5.0,451,Time [s],Liquid Level [%],225.5,95.1700368346275,True
1,Kp = 5.0,452,Time [s],Liquid Level [%],226.0,95.30302188854289,True
1,Kp = 5.0,453,Time [s],Liquid Level [%],226.5,95.4360416487317,True
1,Kp = 5.0,454,Time [s],Liquid Level [%],227.0,95.56909618742748,True
1,Kp = 5.0,455,Time [s],Liquid Level [%],227.5,95.70218557688781,True
1,Kp = 5.0,456,Time [s],Liquid Level [%],228.0,95.83530988939457,True
1,Kp = 5.0,457,Time [s],Liquid Level [%],228.5,95.9684691972538,True
1,Kp = 5.0,458,Time [s],Liquid Level [%],229.0,96.10166357279584,True
1,Kp = 5.0,459,Time [s],Liquid Level [%],229.5,96.23489308837539,True
1,Kp = 5.0,460,Time [s],Liquid Level [%],230.0,96.3681578163714,True
1,Kp = 5.0,461,Time [s],Liquid Level [%],230.5,96.50145782918727,True
1,Kp = 5.0,462,Time [s],Liquid Level [%],231.0,96.63479319925086,True
1,Kp = 5.0,463,Time [s],Liquid Level [%],231.5,96.76816399901446,True
1,Kp = 5.0,464,Time [s],Liquid Level [%],232.0,96.90157030095487,True
1,Kp = 5.0,465,Time [s],Liquid Level [%],232.5,97.03501217757345,True
1,Kp = 5.0,466,Time [s],Liquid Level [%],233.0,97.16848970139617,True
1,Kp = 5.0,467,Time [s],Liquid Level [%],233.5,97.30200294497358,True
1,Kp = 5.0,468,Time [s],Liquid Level [%],234.0,97.43555198088096,True
1,Kp = 5.0,469,Time [s],Liquid Level [%],234.5,97.56913688171826,True
1,Kp = 5.0,470,Time [s],Liquid Level [%],235.0,97.7027577201102,True
1,Kp = 5.0,471,Time [s],Liquid Level [%],235.5,97.83641456870627,True
1,Kp = 5.0,472,Time [s],Liquid Level [%],236.0,97.97010750018083,True
1,Kp = 5.0,473,Time [s],Liquid Level [%],236.5,98.10383658723305,True
1,Kp = 5.0,474,Time [s],Liquid Level [%],237.0,98.23760190258707,True
1,Kp = 5.0,475,Time [s],Liquid Level [%],237.5,98.37140351899195,True
1,Kp = 5.0,476,Time [s],Liquid Level [%],238.0,98.50524150922175,True
1,Kp = 5.0,477,Time [s],Liquid Level [%],238.5,98.63911594607552,True
1,Kp = 5.0,478,Time [s],Liquid Level [%],239.0,98.77302690237745,True
1,Kp = 5.0,479,Time [s],Liquid Level [%],239.5,98.90697445097678,True
1,Kp = 5.0,480,Time [s],Liquid Level [%],240.0,99.04095866474795,True
1,Kp = 5.0,481,Time [s],Liquid Level [%],240.5,99.17497961659053,True
1,Kp = 5.0,482,Time [s],Liquid Level [%],241.0,99.30903737942938,True
1,Kp = 5.0,483,Time [s],Liquid Level [%],241.5,99.44313202621461,True
1,Kp = 5.0,484,Time [s],Liquid Level [%],242.0,99.57726362992162,True
1,Kp = 5.0,485,Time [s],Liquid Level [%],242.5,99.71143226355117,True
1,Kp = 5.0,486,Time [s],Liquid Level [%],243.0,99.84563800012944,True
1,Kp = 5.0,487,Time [s],Liquid Level [%],243.5,99.97988091270801,True
1,Kp = 5.0,488,Time [s],Liquid Level [%],244.0,100.0,True
1,Kp = 5.0,489,Time [s],Liquid Level [%],244.5,100.0,True
1,Kp = 5.0,490,Time [s],Liquid Level [%],245.0,100.0,True
1,Kp = 5.0,491,Time [s],Liquid Level [%],245.5,100.0,True
1,Kp = 5.0,492,Time [s],Liquid Level [%],246.0,100.0,True
1,Kp = 5.0,493,Time [s],Liquid Level [%],246.5,100.0,True
1,Kp = 5.0,494,Time [s],Liquid Level [%],247.0,100.0,True
1,Kp = 5.0,495,Time [s],Liquid Level [%],247.5,100.0,True
1,Kp = 5.0,496,Time [s],Liquid Level [%],248.0,100.0,True
1,Kp = 5.0,497,Time [s],Liquid Level [%],248.5,100.0,True
1,Kp = 5.0,498,Time [s],Liquid Level [%],249.0,100.0,True
1,Kp = 5.0,499,Time [s],Liquid Level [%],249.5,100.0,True
1,Kp = 5.0,500,Time [s],Liquid Level [%],250.0,100.0,True
1,Kp = 5.0,501,Time [s],Liquid Level [%],250.5,100.0,True
1,Kp = 5.0,502,Time [s],Liquid Level [%],251.0,100.0,True
1,Kp = 5.0,503,Time [s],Liquid Level [%],251.5,100.0,True
1,Kp = 5.0,504,Time [s],Liquid Level [%],252.0,100.0,True
1,Kp = 5.0,505,Time [s],Liquid Level [%],252.5,100.0,True
1,Kp = 5.0,506,Time [s],Liquid Level [%],253.0,100.0,True
1,Kp = 5.0,507,Time [s],Liquid Level [%],253.5,100.0,True
1,Kp = 5.0,508,Time [s],Liquid Level [%],254.0,100.0,True
1,Kp = 5.0,509,Time [s],Liquid Level [%],254.5,100.0,True
1,Kp = 5.0,510,Time [s],Liquid Level [%],255.0,100.0,True
1,Kp = 5.0,511,Time [s],Liquid Level [%],255.5,100.0,True
1,Kp = 5.0,512,Time [s],Liquid Level [%],256.0,100.0,True
1,Kp = 5.0,513,Time [s],Liquid Level [%],256.5,100.0,True
1,Kp = 5.0,514,Time [s],Liquid Level [%],257.0,100.0,True
1,Kp = 5.0,515,Time [s],Liquid Level [%],257.5,100.0,True
1,Kp = 5.0,516,Time [s],Liquid Level [%],258.0,100.0,True
1,Kp = 5.0,517,Time [s],Liquid Level [%],258.5,100.0,True
1,Kp = 5.0,518,Time [s],Liquid Level [%],259.0,100.0,True
1,Kp = 5.0,519,Time [s],Liquid Level [%],259.5,100.0,True
1,Kp = 5.0,520,Time [s],Liquid Level [%],260.0,100.0,True
1,Kp = 5.0,521,Time [s],Liquid Level [%],260.5,100.0,True
1,Kp = 5.0,522,Time [s],Liquid Level [%],261.0,100.0,True
1,Kp = 5.0,523,Time [s],Liquid Level [%],261.5,100.0,True
1,Kp = 5.0,524,Time [s],Liquid Level [%],262.0,100.0,True
1,Kp = 5.0,525,Time [s],Liquid Level [%],262.5,100.0,True
1,Kp = 5.0,526,Time [s],Liquid Level [%],263.0,100.0,True
1,Kp = 5.0,527,Time [s],Liquid Level [%],263.5,100.0,True
1,Kp = 5.0,528,Time [s],Liquid Level [%],264.0,100.0,True
1,Kp = 5.0,529,Time [s],Liquid Level [%],264.5,100.0,True
1,Kp = 5.0,530,Time [s],Liquid Level [%],265.0,100.0,True
1,Kp = 5.0,531,Time [s],Liquid Level [%],265.5,100.0,True
1,Kp = 5.0,532,Time [s],Liquid Level [%],266.0,100.0,True
1,Kp = 5.0,533,Time [s],Liquid Level [%],266.5,100.0,True
1,Kp = 5.0,534,Time [s],Liquid Level [%],267.0,100.0,True
1,Kp = 5.0,535,Time [s],Liquid Level [%],267.5,100.0,True
1,Kp = 5.0,536,Time [s],Liquid Level [%],268.0,100.0,True
1,Kp = 5.0,537,Time [s],Liquid Level [%],268.5,100.0,True
1,Kp = 5.0,538,Time [s],Liquid Level [%],269.0,100.0,True
1,Kp = 5.0,539,Time [s],Liquid Level [%],269.5,100.0,True
1,Kp = 5.0,540,Time [s],Liquid Level [%],270.0,100.0,True
1,Kp = 5.0,541,Time [s],Liquid Level [%],270.5,100.0,True
1,Kp = 5.0,542,Time [s],Liquid Level [%],271.0,100.0,True
1,Kp = 5.0,543,Time [s],Liquid Level [%],271.5,100.0,True
1,Kp = 5.0,544,Time [s],Liquid Level [%],272.0,100.0,True
1,Kp = 5.0,545,Time [s],Liquid Level [%],272.5,100.0,True
1,Kp = 5.0,546,Time [s],Liquid Level [%],273.0,100.0,True
1,Kp = 5.0,547,Time [s],Liquid Level [%],273.5,100.0,True
1,Kp = 5.0,548,Time [s],Liquid Level [%],274.0,100.0,True
1,Kp = 5.0,549,Time [s],Liquid Level [%],274.5,100.0,True
1,Kp = 5.0,550,Time [s],Liquid Level [%],275.0,100.0,True
1,Kp = 5.0,551,Time [s],Liquid Level [%],275.5,100.0,True
1,Kp = 5.0,552,Time [s],Liquid Level [%],276.0,100.0,True
1,Kp = 5.0,553,Time [s],Liquid Level [%],276.5,100.0,True
1,Kp = 5.0,554,Time [s],Liquid Level [%],277.0,100.0,True
1,Kp = 5.0,555,Time [s],Liquid Level [%],277.5,100.0,True
1,Kp = 5.0,556,Time [s],Liquid Level [%],278.0,100.0,True
1,Kp = 5.0,557,Time [s],Liquid Level [%],278.5,100.0,True
1,Kp = 5.0,558,Time [s],Liquid Level [%],279.0,100.0,True
1,Kp = 5.0,559,Time [s],Liquid Level [%],279.5,100.0,True
1,Kp = 5.0,560,Time [s],Liquid Level [%],280.0,100.0,True
1,Kp = 5.0,561,Time [s],Liquid Level [%],280.5,100.0,True
1,Kp = 5.0,562,Time [s],Liquid Level [%],281.0,100.0,True
1,Kp = 5.0,563,Time [s],Liquid Level [%],281.5,100.0,True
1,Kp = 5.0,564,Time [s],Liquid Level [%],282.0,100.0,True
1,Kp = 5.0,565,Time [s],Liquid Level [%],282.5,100.0,True
1,Kp = 5.0,566,Time [s],Liquid Level [%],283.0,100.0,True
1,Kp = 5.0,567,Time [s],Liquid Level [%],283.5,100.0,True
1,Kp = 5.0,568,Time [s],Liquid Level [%],284.0,100.0,True
1,Kp = 5.0,569,Time [s],Liquid Level [%],284.5,100.0,True
1,Kp = 5.0,570,Time [s],Liquid Level [%],285.0,100.0,True
1,Kp = 5.0,571,Time [s],Liquid Level [%],285.5,100.0,True
1,Kp = 5.0,572,Time [s],Liquid Level [%],286.0,100.0,True
1,Kp = 5.0,573,Time [s],Liquid Level [%],286.5,100.0,True
1,Kp = 5.0,574,Time [s],Liquid Level [%],287.0,100.0,True
1,Kp = 5.0,575,Time [s],Liquid Level [%],287.5,100.0,True
1,Kp = 5.0,576,Time [s],Liquid Level [%],288.0,100.0,True
1,Kp = 5.0,577,Time [s],Liquid Level [%],288.5,100.0,True
1,Kp = 5.0,578,Time [s],Liquid Level [%],289.0,100.0,True
1,Kp = 5.0,579,Time [s],Liquid Level [%],289.5,100.0,True
1,Kp = 5.0,580,Time [s],Liquid Level [%],290.0,100.0,True
1,Kp = 5.0,581,Time [s],Liquid Level [%],290.5,100.0,True
1,Kp = 5.0,582,Time [s],Liquid Level [%],291.0,100.0,True
1,Kp = 5.0,583,Time [s],Liquid Level [%],291.5,100.0,True
1,Kp = 5.0,584,Time [s],Liquid Level [%],292.0,100.0,True
1,Kp = 5.0,585,Time [s],Liquid Level [%],292.5,100.0,True
1,Kp = 5.0,586,Time [s],Liquid Level [%],293.0,100.0,True
1,Kp = 5.0,587,Time [s],Liquid Level [%],293.5,100.0,True
1,Kp = 5.0,588,Time [s],Liquid Level [%],294.0,100.0,True
1,Kp = 5.0,589,Time [s],Liquid Level [%],294.5,100.0,True
1,Kp = 5.0,590,Time [s],Liquid Level [%],295.0,100.0,True
1,Kp = 5.0,591,Time [s],Liquid Level [%],295.5,100.0,True
1,Kp = 5.0,592,Time [s],Liquid Level [%],296.0,100.0,True
1,Kp = 5.0,593,Time [s],Liquid Level [%],296.5,100.0,True
1,Kp = 5.0,594,Time [s],Liquid Level [%],297.0,100.0,True
1,Kp = 5.0,595,Time [s],Liquid Level [%],297.5,100.0,True
1,Kp = 5.0,596,Time [s],Liquid Level [%],298.0,100.0,True
1,Kp = 5.0,597,Time [s],Liquid Level [%],298.5,100.0,True
1,Kp = 5.0,598,Time [s],Liquid Level [%],299.0,100.0,True
1,Kp = 5.0,599,Time [s],Liquid Level [%],299.5,100.0,True
1,Setpoint,0,Time [s],Liquid Level [%],0.0,50.0,True
1,Setpoint,1,Time [s],Liquid Level [%],1.0,50.0,True
1,Curve 5,0,Time [s],Liquid Level [%],50.0,0.0,True
1,Curve 5,1,Time [s],Liquid Level [%],50.0,1.0,True
