panel,series,point,x_label,y_label,x,y,finite
1,Kp = 50.0,0,Time [s],Liquid Level [%],0.0,50.0,True
1,Kp = 50.0,1,Time [s],Liquid Level [%],0.5,50.0,True
1,Kp = 50.0,2,Time [s],Liquid Level [%],1.0,50.0,True
1,Kp = 50.0,3,Time [s],Liquid Level [%],1.5,50.0,True
1,Kp = 50.0,4,Time [s],Liquid Level [%],2.0,50.0,True
1,Kp = 50.0,5,Time [s],Liquid Level [%],2.5,50.0,True
1,Kp = 50.0,6,Time [s],Liquid Level [%],3.0,50.0,True
1,Kp = 50.0,7,Time [s],Liquid Level [%],3.5,50.0,True
1,Kp = 50.0,8,Time [s],Liquid Level [%],4.0,50.0,True
1,Kp = 50.0,9,Time [s],Liquid Level [%],4.5,50.0,True
1,Kp = 50.0,10,Time [s],Liquid Level [%],5.0,50.0,True
1,Kp = 50.0,11,Time [s],Liquid Level [%],5.5,50.0,True
1,Kp = 50.0,12,Time [s],Liquid Level [%],6.0,50.0,True
1,Kp = 50.0,13,Time [s],Liquid Level [%],6.5,50.0,True
1,Kp = 50.0,14,Time [s],Liquid Level [%],7.0,50.0,True
1,Kp = 50.0,15,Time [s],Liquid Level [%],7.5,50.0,True
1,Kp = 50.0,16,Time [s],Liquid Level [%],8.0,50.0,True
1,Kp = 50.0,17,Time [s],Liquid Level [%],8.5,50.0,True
1,Kp = 50.0,18,Time [s],Liquid Level [%],9.0,50.0,True
1,Kp = 50.0,19,Time [s],Liquid Level [%],9.5,50.0,True
1,Kp = 50.0,20,Time [s],Liquid Level [%],10.0,50.0,True
1,Kp = 50.0,21,Time [s],Liquid Level [%],10.5,50.0,True
1,Kp = 50.0,22,Time [s],Liquid Level [%],11.0,50.0,True
1,Kp = 50.0,23,Time [s],Liquid Level [%],11.5,50.0,True
1,Kp = 50.0,24,Time [s],Liquid Level [%],12.0,50.0,True
1,Kp = 50.0,25,Time [s],Liquid Level [%],12.5,50.0,True
1,Kp = 50.0,26,Time [s],Liquid Level [%],13.0,50.0,True
1,Kp = 50.0,27,Time [s],Liquid Level [%],13.5,50.0,True
1,Kp = 50.0,28,Time [s],Liquid Level [%],14.0,50.0,True
1,Kp = 50.0,29,Time [s],Liquid Level [%],14.5,50.0,True
1,Kp = 50.0,30,Time [s],Liquid Level [%],15.0,50.0,True
1,Kp = 50.0,31,Time [s],Liquid Level [%],15.5,50.0,True
1,Kp = 50.0,32,Time [s],Liquid Level [%],16.0,50.0,True
1,Kp = 50.0,33,Time [s],Liquid Level [%],16.5,50.0,True
1,Kp = 50.0,34,Time [s],Liquid Level [%],17.0,50.0,True
1,Kp = 50.0,35,Time [s],Liquid Level [%],17.5,50.0,True
1,Kp = 50.0,36,Time [s],Liquid Level [%],18.0,50.0,True
1,Kp = 50.0,37,Time [s],Liquid Level [%],18.5,50.0,True
1,Kp = 50.0,38,Time [s],Liquid Level [%],19.0,50.0,True
1,Kp = 50.0,39,Time [s],Liquid Level [%],19.5,50.0,True
1,Kp = 50.0,40,Time [s],Liquid Level [%],20.0,50.0,True
1,Kp = 50.0,41,Time [s],Liquid Level [%],20.5,50.0,True
1,Kp = 50.0,42,Time [s],Liquid Level [%],21.0,50.0,True
1,Kp = 50.0,43,Time [s],Liquid Level [%],21.5,50.0,True
1,Kp = 50.0,44,Time [s],Liquid Level [%],22.0,50.0,True
1,Kp = 50.0,45,Time [s],Liquid Level [%],22.5,50.0,True
1,Kp = 50.0,46,Time [s],Liquid Level [%],23.0,50.0,True
1,Kp = 50.0,47,Time [s],Liquid Level [%],23.5,50.0,True
1,Kp = 50.0,48,Time [s],Liquid Level [%],24.0,50.0,True
1,Kp = 50.0,49,Time [s],Liquid Level [%],24.5,50.0,True
1,Kp = 50.0,50,Time [s],Liquid Level [%],25.0,50.0,True
1,Kp = 50.0,51,Time [s],Liquid Level [%],25.5,50.0,True
1,Kp = 50.0,52,Time [s],Liquid Level [%],26.0,50.0,True
1,Kp = 50.0,53,Time [s],Liquid Level [%],26.5,50.0,True
1,Kp = 50.0,54,Time [s],Liquid Level [%],27.0,50.0,True
1,Kp = 50.0,55,Time [s],Liquid Level [%],27.5,50.0,True
1,Kp = 50.0,56,Time [s],Liquid Level [%],28.0,50.0,True
1,Kp = 50.0,57,Time [s],Liquid Level [%],28.5,50.0,True
1,Kp = 50.0,58,Time [s],Liquid Level [%],29.0,50.0,True
1,Kp = 50.0,59,Time [s],Liquid Level [%],29.5,50.0,True
1,Kp = 50.0,60,Time [s],Liquid Level [%],30.0,50.0,True
1,Kp = 50.0,61,Time [s],Liquid Level [%],30.5,50.0,True
1,Kp = 50.0,62,Time [s],Liquid Level [%],31.0,50.0,True
1,Kp = 50.0,63,Time [s],Liquid Level [%],31.5,50.0,True
1,Kp = 50.0,64,Time [s],Liquid Level [%],32.0,50.0,True
1,Kp = 50.0,65,Time [s],Liquid Level [%],32.5,50.0,True
1,Kp = 50.0,66,Time [s],Liquid Level [%],33.0,50.0,True
1,Kp = 50.0,67,Time [s],Liquid Level [%],33.5,50.0,True
1,Kp = 50.0,68,Time [s],Liquid Level [%],34.0,50.0,True
1,Kp = 50.0,69,Time [s],Liquid Level [%],34.5,50.0,True
1,Kp = 50.0,70,Time [s],Liquid Level [%],35.0,50.0,True
1,Kp = 50.0,71,Time [s],Liquid Level [%],35.5,50.0,True
1,Kp = 50.0,72,Time [s],Liquid Level [%],36.0,50.0,True
1,Kp = 50.0,73,Time [s],Liquid Level [%],36.5,50.0,True
1,Kp = 50.0,74,Time [s],Liquid Level [%],37.0,50.0,True
1,Kp = 50.0,75,Time [s],Liquid Level [%],37.5,50.0,True
1,Kp = 50.0,76,Time [s],Liquid Level [%],38.0,50.0,True
1,Kp = 50.0,77,Time [s],Liquid Level [%],38.5,50.0,True
1,Kp = 50.0,78,Time [s],Liquid Level [%],39.0,50.0,True
1,Kp = 50.0,79,Time [s],Liquid Level [%],39.5,50.0,True
1,Kp = 50.0,80,Time [s],Liquid Level [%],40.0,50.0,True
1,Kp = 50.0,81,Time [s],Liquid Level [%],40.5,50.0,True
1,Kp = 50.0,82,Time [s],Liquid Level [%],41.0,50.0,True
1,Kp = 50.0,83,Time [s],Liquid Level [%],41.5,50.0,True
1,Kp = 50.0,84,Time [s],Liquid Level [%],42.0,50.0,True
1,Kp = 50.0,85,Time [s],Liquid Level [%],42.5,50.0,True
1,Kp = 50.0,86,Time [s],Liquid Level [%],43.0,50.0,True
1,Kp = 50.0,87,Time [s],Liquid Level [%],43.5,50.0,True
1,Kp = 50.0,88,Time [s],Liquid Level [%],44.0,50.0,True
1,Kp = 50.0,89,Time [s],Liquid Level [%],44.5,50.0,True
1,Kp = 50.0,90,Time [s],Liquid Level [%],45.0,50.0,True
1,Kp = 50.0,91,Time [s],Liquid Level [%],45.5,50.0,True
1,Kp = 50.0,92,Time [s],Liquid Level [%],46.0,50.0,True
1,Kp = 50.0,93,Time [s],Liquid Level [%],46.5,50.0,True
1,Kp = 50.0,94,Time [s],Liquid Level [%],47.0,50.0,True
1,Kp = 50.0,95,Time [s],Liquid Level [%],47.5,50.0,True
1,Kp = 50.0,96,Time [s],Liquid Level [%],48.0,50.0,True
1,Kp = 50.0,97,Time [s],Liquid Level [%],48.5,50.0,True
1,Kp = 50.0,98,Time [s],Liquid Level [%],49.0,50.0,True
1,Kp = 50.0,99,Time [s],Liquid Level [%],49.5,50.0,True
1,Kp = 50.0,100,Time [s],Liquid Level [%],50.0,50.125,True
1,Kp = 50.0,101,Time [s],Liquid Level [%],50.5,50.244267578125005,True
1,Kp = 50.0,102,Time [s],Liquid Level [%],51.0,50.36327069778442,True
1,Kp = 50.0,103,Time [s],Liquid Level [%],51.5,50.48177953004025,True
1,Kp = 50.0,104,Time [s],Liquid Level [%],52.0,50.59980262446155,True
1,Kp = 50.0,105,Time [s],Liquid Level [%],52.5,50.71733857520587,True
1,Kp = 50.0,106,Time [s],Liquid Level [%],53.0,50.83438640978323,True
1,Kp = 50.0,107,Time [s],Liquid Level [%],53.5,50.95094515441071,True
1,Kp = 50.0,108,Time [s],Liquid Level [%],54.0,51.06701385215343,True
1,Kp = 50.0,109,Time [s],Liquid Level [%],54.5,51.182591562123356,True
1,Kp = 50.0,110,Time [s],Liquid Level [%],55.0,51.29767735947035,True
1,Kp = 50.0,111,Time [s],Liquid Level [%],55.5,51.412270335339784,True
1,Kp = 50.0,112,Time [s],Liquid Level [%],56.0,51.52636959683134,True
1,Kp = 50.0,113,Time [s],Liquid Level [%],56.5,51.6399742669575,True
1,Kp = 50.0,114,Time [s],Liquid Level [%],57.0,51.753083484601824,True
1,Kp = 50.0,115,Time [s],Liquid Level [%],57.5,51.86569640447697,True
1,Kp = 50.0,116,Time [s],Liquid Level [%],58.0,51.977812197082486,True
1,Kp = 50.0,117,Time [s],Liquid Level [%],58.5,52.08943004866241,True
1,Kp = 50.0,118,Time [s],Liquid Level [%],59.0,52.200549161162634,True
1,Kp = 50.0,119,Time [s],Liquid Level [%],59.5,52.31116875218802,True
1,Kp = 50.0,120,Time [s],Liquid Level [%],60.0,52.421288054959334,True
1,Kp = 50.0,121,Time [s],Liquid Level [%],60.5,52.53090631826992,True
1,Kp = 50.0,122,Time [s],Liquid Level [%],61.0,52.64002280644221,True
1,Kp = 50.0,123,Time [s],Liquid Level [%],61.5,52.74863679928396,True
1,Kp = 50.0,124,Time [s],Liquid Level [%],62.0,52.856747592044314,True
1,Kp = 50.0,125,Time [s],Liquid Level [%],62.5,52.96435449536969,True
1,Kp = 50.0,126,Time [s],Liquid Level [%],63.0,53.071456835259355,True
1,Kp = 50.0,127,Time [s],Liquid Level [%],63.5,53.17805395302088,True
1,Kp = 50.0,128,Time [s],Liquid Level [%],64.0,53.28414520522537,True
1,Kp = 50.0,129,Time [s],Liquid Level [%],64.5,53.38972996366251,True
1,Kp = 50.0,130,Time [s],Liquid Level [%],65.0,53.49480761529533,True
1,Kp = 50.0,131,Time [s],Liquid Level [%],65.5,53.59937756221487,True
1,Kp = 50.0,132,Time [s],Liquid Level [%],66.0,53.70343922159462,True
1,Kp = 50.0,133,Time [s],Liquid Level [%],66.5,53.80699202564472,True
1,Kp = 50.0,134,Time [s],Liquid Level [%],67.0,53.91003542156601,True
1,Kp = 50.0,135,Time [s],Liquid Level [%],67.5,54.01256887150389,True
1,Kp = 50.0,136,Time [s],Liquid Level [%],68.0,54.11459185250197,True
1,Kp = 50.0,137,Time [s],Liquid Level [%],68.5,54.21610385645557,True
1,Kp = 50.0,138,Time [s],Liquid Level [%],69.0,54.31710439006494,True
1,Kp = 50.0,139,Time [s],Liquid Level [%],69.5,54.41759297478846,True
1,Kp = 50.0,140,Time [s],Liquid Level [%],70.0,54.517569146795495,True
1,Kp = 50.0,141,Time [s],Liquid Level [%],70.5,54.617032456919155,True
1,Kp = 50.0,142,Time [s],Liquid Level [%],71.0,54.71598247060888,True
1,Kp = 50.0,143,Time [s],Liquid Level [%],71.5,54.8144187678828,True
1,Kp = 50.0,144,Time [s],Liquid Level [%],72.0,54.91234094327999,True
1,Kp = 50.0,145,Time [s],Liquid Level [%],72.5,55.00974860581249,True
1,Kp = 50.0,146,Time [s],Liquid Level [%],73.0,55.106641378917196,True
1,Kp = 50.0,147,Time [s],Liquid Level [%],73.5,55.20301890040755,True
1,Kp = 50.0,148,Time [s],Liquid Level [%],74.0,55.29888082242509,True
1,Kp = 50.0,149,Time [s],Liquid Level [%],74.5,55.394226811390844,True
1,Kp = 50.0,150,Time [s],Liquid Level [%],75.0,55.489056547956515,True
1,Kp = 50.0,151,Time [s],Liquid Level [%],75.5,55.58336972695557,True
1,Kp = 50.0,152,Time [s],Liquid Level [%],76.0,55.677166057354086,True
1,Kp = 50.0,153,Time [s],Liquid Level [%],76.5,55.77044526220156,True
1,Kp = 50.0,154,Time [s],Liquid Level [%],77.0,55.863207078581425,True
1,Kp = 50.0,155,Time [s],Liquid Level [%],77.5,55.95545125756152,True
1,Kp = 50.0,156,Time [s],Liquid Level [%],78.0,56.047177564144356,True
1,Kp = 50.0,157,Time [s],Liquid Level [%],78.5,56.138385777217245,True
1,Kp = 50.0,158,Time [s],Liquid Level [%],79.0,56.22907568950231,True
1,Kp = 50.0,159,Time [s],Liquid Level [%],79.5,56.31924710750626,True
1,Kp = 50.0,160,Time [s],Liquid Level [%],80.0,56.40889985147014,True
1,Kp = 50.0,161,Time [s],Liquid Level [%],80.5,56.49803375531888,True
1,Kp = 50.0,162,Time [s],Liquid Level [%],81.0,56.58664866661067,True
1,Kp = 50.0,163,Time [s],Liquid Level [%],81.5,56.67474444648626,True
1,Kp = 50.0,164,Time [s],Liquid Level [%],82.0,56.762320969618074,True
1,Kp = 50.0,165,Time [s],Liquid Level [%],82.5,56.84937812415926,True
1,Kp = 50.0,166,Time [s],Liquid Level [%],83.0,56.935915811692475,True
1,Kp = 50.0,167,Time [s],Liquid Level [%],83.5,57.0219339471787,True
1,Kp = 50.0,168,Time [s],Liquid Level [%],84.0,57.107432458905826,True
1,Kp = 50.0,169,Time [s],Liquid Level [%],84.5,57.19241128843709,True
1,Kp = 50.0,170,Time [s],Liquid Level [%],85.0,57.27687039055951,True
1,Kp = 50.0,171,Time [s],Liquid Level [%],85.5,57.36080973323203,True
1,Kp = 50.0,172,Time [s],Liquid Level [%],86.0,57.44422929753369,True
1,Kp = 50.0,173,Time [s],Liquid Level [%],86.5,57.52712907761158,True
1,Kp = 50.0,174,Time [s],Liquid Level [%],87.0,57.609509080628754,True
1,Kp = 50.0,175,Time [s],Liquid Level [%],87.5,57.69136932671191,True
1,Kp = 50.0,176,Time [s],Liquid Level [%],88.0,57.772709848899076,True
1,Kp = 50.0,177,Time [s],Liquid Level [%],88.5,57.85353069308715,True
1,Kp = 50.0,178,Time [s],Liquid Level [%],89.0,57.933831917979276,True
1,Kp = 50.0,179,Time [s],Liquid Level [%],89.5,58.01361359503214,True
1,Kp = 50.0,180,Time [s],Liquid Level [%],90.0,58.092875808403235,True
1,Kp = 50.0,181,Time [s],Liquid Level [%],90.5,58.17161865489784,True
1,Kp = 50.0,182,Time [s],Liquid Level [%],91.0,58.24984224391609,True
1,Kp = 50.0,183,Time [s],Liquid Level [%],91.5,58.32754669739985,True
1,Kp = 50.0,184,Time [s],Liquid Level [%],92.0,58.40473214977946,True
1,Kp = 50.0,185,Time [s],Liquid Level [%],92.5,58.48139874792042,True
1,Kp = 50.0,186,Time [s],Liquid Level [%],93.0,58.55754665107001,True
1,Kp = 50.0,187,Time [s],Liquid Level [%],93.5,58.633176030803746,True
1,Kp = 50.0,188,Time [s],Liquid Level [%],94.0,58.708287070971785,True
1,Kp = 50.0,189,Time [s],Liquid Level [%],94.5,58.782879967645215,True
1,Kp = 50.0,190,Time [s],Liquid Level [%],95.0,58.8569549290623,True
1,Kp = 50.0,191,Time [s],Liquid Level [%],95.5,58.93051217557455,True
1,Kp = 50.0,192,Time [s],Liquid Level [%],96.0,59.00355193959279,True
1,Kp = 50.0,193,Time [s],Liquid Level [%],96.5,59.07607446553311,True
1,Kp = 50.0,194,Time [s],Liquid Level [%],97.0,59.14808000976273,True
1,Kp = 50.0,195,Time [s],Liquid Level [%],97.5,59.21956884054573,True
1,Kp = 50.0,196,Time [s],Liquid Level [%],98.0,59.29054123798887,True
1,Kp = 50.0,197,Time [s],Liquid Level [%],98.5,59.36099749398708,True
1,Kp = 50.0,198,Time [s],Liquid Level [%],99.0,59.43093791216909,True
1,Kp = 50.0,199,Time [s],Liquid Level [%],99.5,59.5003628078429,True
1,Kp = 50.0,200,Time [s],Liquid Level [%],100.0,59.569272507941115,True
1,Kp = 50.0,201,Time [s],Liquid Level [%],100.5,59.63766735096635,True
1,Kp = 50.0,202,Time [s],Liquid Level [%],101.0,59.70554768693642,True
1,Kp = 50.0,203,Time [s],Liquid Level [%],101.5,59.77291387732957,True
1,Kp = 50.0,204,Time [s],Liquid Level [%],102.0,59.83976629502956,True
1,Kp = 50.0,205,Time [s],Liquid Level [%],102.5,59.906105324270754,True
1,Kp = 50.0,206,Time [s],Liquid Level [%],103.0,59.97193136058306,True
1,Kp = 50.0,207,Time [s],Liquid Level [%],103.5,60.03724481073694,True
1,Kp = 50.0,208,Time [s],Liquid Level [%],104.0,60.10204609268814,True
1,Kp = 50.0,209,Time [s],Liquid Level [%],104.5,60.16633563552267,True
1,Kp = 50.0,210,Time [s],Liquid Level [%],105.0,60.230113879401415,True
1,Kp = 50.0,211,Time [s],Liquid Level [%],105.5,60.29338127550488,True
1,Kp = 50.0,212,Time [s],Liquid Level [%],106.0,60.35613828597782,True
1,Kp = 50.0,213,Time [s],Liquid Level [%],106.5,60.418385383873876,True
1,Kp = 50.0,214,Time [s],Liquid Level [%],107.0,60.48012305310002,True
1,Kp = 50.0,215,Time [s],Liquid Level [%],107.5,60.54135178836114,True
1,Kp = 50.0,216,Time [s],Liquid Level [%],108.0,60.60207209510439,True
1,Kp = 50.0,217,Time [s],Liquid Level [%],108.5,60.66228448946364,True
1,Kp = 50.0,218,Time [s],Liquid Level [%],109.0,60.72198949820381,True
1,Kp = 50.0,219,Time [s],Liquid Level [%],109.5,60.78118765866518,True
1,Kp = 50.0,220,Time [s],Liquid Level [%],110.0,60.83987951870764,True
1,Kp = 50.0,221,Time [s],Liquid Level [%],110.5,60.898065636654906,True
1,Kp = 50.0,222,Time [s],Liquid Level [%],111.0,60.955746581238735,True
1,Kp = 50.0,223,Time [s],Liquid Level [%],111.5,61.01292293154306,True
1,Kp = 50.0,224,Time [s],Liquid Level [%],112.0,61.069595276948085,True
1,Kp = 50.0,225,Time [s],Liquid Level [%],112.5,61.125764217074384,True
1,Kp = 50.0,226,Time [s],Liquid Level [%],113.0,61.18143036172695,True
1,Kp = 50.0,227,Time [s],Liquid Level [%],113.5,61.23659433083921,True
1,Kp = 50.0,228,Time [s],Liquid Level [%],114.0,61.29125675441698,True
1,Kp = 50.0,229,Time [s],Liquid Level [%],114.5,61.34541827248247,True
1,Kp = 50.0,230,Time [s],Liquid Level [%],115.0,61.399079535018174,True
1,Kp = 50.0,231,Time [s],Liquid Level [%],115.5,61.45224120191084,True
1,Kp = 50.0,232,Time [s],Liquid Level [%],116.0,61.504903942895275,True
1,Kp = 50.0,233,Time [s],Liquid Level [%],116.5,61.55706843749827,True
1,Kp = 50.0,234,Time [s],Liquid Level [%],117.0,61.60873537498242,True
1,Kp = 50.0,235,Time [s],Liquid Level [%],117.5,61.659905454289955,True
1,Kp = 50.0,236,Time [s],Liquid Level [%],118.0,61.71057938398652,True
1,Kp = 50.0,237,Time [s],Liquid Level [%],118.5,61.76075788220502,True
1,Kp = 50.0,238,Time [s],Liquid Level [%],119.0,61.81044167658934,True
1,Kp = 50.0,239,Time [s],Liquid Level [%],119.5,61.859631504238166,True
1,Kp = 50.0,240,Time [s],Liquid Level [%],120.0,61.90832811164867,True
1,Kp = 50.0,241,Time [s],Liquid Level [%],120.5,61.956532254660324,True
1,Kp = 50.0,242,Time [s],Liquid Level [%],121.0,62.00424469839858,True
1,Kp = 50.0,243,Time [s],Liquid Level [%],121.5,62.05146621721863,True
1,Kp = 50.0,244,Time [s],Liquid Level [%],122.0,62.09819759464912,True
1,Kp = 50.0,245,Time [s],Liquid Level [%],122.5,62.14443962333584,True
1,Kp = 50.0,246,Time [s],Liquid Level [%],123.0,62.19019310498551,True
1,Kp = 50.0,247,Time [s],Liquid Level [%],123.5,62.23545885030941,True
1,Kp = 50.0,248,Time [s],Liquid Level [%],124.0,62.28023767896713,True
1,Kp = 50.0,249,Time [s],Liquid Level [%],124.5,62.32453041951032,True
1,Kp = 50.0,250,Time [s],Liquid Level [%],125.0,62.368337909326335,True
1,Kp = 50.0,251,Time [s],Liquid Level [%],125.5,62.41166099458203,True
1,Kp = 50.0,252,Time [s],Liquid Level [%],126.0,62.454500530167444,True
1,Kp = 50.0,253,Time [s],Liquid Level [%],126.5,62.496857379639536,True
1,Kp = 50.0,254,Time [s],Liquid Level [%],127.0,62.53873241516595,True
1,Kp = 50.0,255,Time [s],Liquid Level [%],127.5,62.58012651746877,True
1,Kp = 50.0,256,Time [s],Liquid Level [%],128.0,62.62104057576825,True
1,Kp = 50.0,257,Time [s],Liquid Level [%],128.5,62.66147548772663,True
1,Kp = 50.0,258,Time [s],Liquid Level [%],129.0,62.7014321593919,True
1,Kp = 50.0,259,Time [s],Liquid Level [%],129.5,62.740911505141625,True
1,Kp = 50.0,260,Time [s],Liquid Level [%],130.0,62.77991444762677,True
1,Kp = 50.0,261,Time [s],Liquid Level [%],130.5,62.818441917715504,True
1,Kp = 50.0,262,Time [s],Liquid Level [%],131.0,62.856494854437116,True
1,Kp = 50.0,263,Time [s],Liquid Level [%],131.5,62.89407420492584,True
1,Kp = 50.0,264,Time [s],Liquid Level [%],132.0,62.93118092436482,True
1,Kp = 50.0,265,Time [s],Liquid Level [%],132.5,62.967815975929966,True
1,Kp = 50.0,266,Time [s],Liquid Level [%],133.0,63.00398033073397,True
1,Kp = 50.0,267,Time [s],Liquid Level [%],133.5,63.03967496777022,True
1,Kp = 50.0,268,Time [s],Liquid Level [%],134.0,63.074900873856855,True
1,Kp = 50.0,269,Time [s],Liquid Level [%],134.5,63.10965904358077,True
1,Kp = 50.0,270,Time [s],Liquid Level [%],135.0,63.143950479241695,True
1,Kp = 50.0,271,Time [s],Liquid Level [%],135.5,63.17777619079625,True
1,Kp = 50.0,272,Time [s],Liquid Level [%],136.0,63.21113719580214,True
1,Kp = 50.0,273,Time [s],Liquid Level [%],136.5,63.244034519362216,True
1,Kp = 50.0,274,Time [s],Liquid Level [%],137.0,63.27646919406876,True
1,Kp = 50.0,275,Time [s],Liquid Level [%],137.5,63.30844225994766,True
1,Kp = 50.0,276,Time [s],Liquid Level [%],138.0,63.339954764402705,True
1,Kp = 50.0,277,Time [s],Liquid Level [%],138.5,63.371007762159856,True
1,Kp = 50.0,278,Time [s],Liquid Level [%],139.0,63.401602315211626,True
1,Kp = 50.0,279,Time [s],Liquid Level [%],139.5,63.43173949276144,True
1,Kp = 50.0,280,Time [s],Liquid Level [%],140.0,63.46142037116809,True
1,Kp = 50.0,281,Time [s],Liquid Level [%],140.5,63.49064603389017,True
1,Kp = 50.0,282,Time [s],Liquid Level [%],141.0,63.51941757143065,True
1,Kp = 50.0,283,Time [s],Liquid Level [%],141.5,63.54773608128135,True
1,Kp = 50.0,284,Time [s],Liquid Level [%],142.0,63.57560266786763,True
1,Kp = 50.0,285,Time [s],Liquid Level [%],142.5,63.603018442492996,True
1,Kp = 50.0,286,Time [s],Liquid Level [%],143.0,63.629984523283866,True
1,Kp = 50.0,287,Time [s],Liquid Level [%],143.5,63.656502035134245,True
1,Kp = 50.0,288,Time [s],Liquid Level [%],144.0,63.68257210965061,True
1,Kp = 50.0,289,Time [s],Liquid Level [%],144.5,63.70819588509671,True
1,Kp = 50.0,290,Time [s],Liquid Level [%],145.0,63.733374506338535,True
1,Kp = 50.0,291,Time [s],Liquid Level [%],145.5,63.758109124789264,True
1,Kp = 50.0,292,Time [s],Liquid Level [%],146.0,63.78240089835428,True
1,Kp = 50.0,293,Time [s],Liquid Level [%],146.5,63.8062509913763,True
1,Kp = 50.0,294,Time [s],Liquid Level [%],147.0,63.82966057458045,True
1,Kp = 50.0,295,Time [s],Liquid Level [%],147.5,63.85263082501953,True
1,Kp = 50.0,296,Time [s],Liquid Level [%],148.0,63.87516292601926,True
1,Kp = 50.0,297,Time [s],Liquid Level [%],148.5,63.897258067123595,True
1,Kp = 50.0,298,Time [s],Liquid Level [%],149.0,63.91891744404013,True
1,Kp = 50.0,299,Time [s],Liquid Level [%],149.5,63.940142258585574,True
1,Kp = 50.0,300,Time [s],Liquid Level [%],150.0,63.96093371863123,True
1,Kp = 50.0,301,Time [s],Liquid Level [%],150.5,63.98129303804859,True
1,Kp = 50.0,302,Time [s],Liquid Level [%],151.0,64.00122143665503,True
1,Kp = 50.0,303,Time [s],Liquid Level [%],151.5,64.02072014015948,True
1,Kp = 50.0,304,Time [s],Liquid Level [%],152.0,64.03979038010826,True
1,Kp = 50.0,305,Time [s],Liquid Level [%],152.5,64.05843339383092,True
1,Kp = 50.0,306,Time [s],Liquid Level [%],153.0,64.0766504243862,True
1,Kp = 50.0,307,Time [s],Liquid Level [%],153.5,64.094442720508,True
1,Kp = 50.0,308,Time [s],Liquid Level [%],154.0,64.11181153655153,True
1,Kp = 50.0,309,Time [s],Liquid Level [%],154.5,64.12875813243934,True
1,Kp = 50.0,310,Time [s],Liquid Level [%],155.0,64.14528377360776,True
1,Kp = 50.0,311,Time [s],Liquid Level [%],155.5,64.16138973095302,True
1,Kp = 50.0,312,Time [s],Liquid Level [%],156.0,64.17707728077772,True
1,Kp = 50.0,313,Time [s],Liquid Level [%],156.5,64.19234770473733,True
1,Kp = 50.0,314,Time [s],Liquid Level [%],157.0,64.20720228978666,True
1,Kp = 50.0,315,Time [s],Liquid Level [%],157.5,64.2216423281266,True
1,Kp = 50.0,316,Time [s],Liquid Level [%],158.0,64.23566911715072,True
1,Kp = 50.0,317,Time [s],Liquid Level [%],158.5,64.24928395939213,True
1,Kp = 50.0,318,Time [s],Liquid Level [%],159.0,64.26248816247038,True
1,Kp = 50.0,319,Time [s],Liquid Level [%],159.5,64.27528303903836,True
1,Kp = 50.0,320,Time [s],Liquid Level [%],160.0,64.28766990672943,True
1,Kp = 50.0,321,Time [s],Liquid Level [%],160.5,64.2996500881045,True
1,Kp = 50.0,322,Time [s],Liquid Level [%],161.0,64.3112249105993,True
1,Kp = 50.0,323,Time [s],Liquid Level [%],161.5,64.32239570647167,True
1,Kp = 50.0,324,Time [s],Liquid Level [%],162.0,64.33316381274898,True
1,Kp = 50.0,325,Time [s],Liquid Level [%],162.5,64.34353057117565,True
1,Kp = 50.0,326,Time [s],Liquid Level [%],163.0,64.35349732816069,True
1,Kp = 50.0,327,Time [s],Liquid Level [%],163.5,64.36306543472543,True
1,Kp = 50.0,328,Time [s],Liquid Level [%],164.0,64.37223624645131,True
1,Kp = 50.0,329,Time [s],Liquid Level [%],164.5,64.38101112342768,True
1,Kp = 50.0,330,Time [s],Liquid Level [%],165.0,64.3893914301999,True
1,Kp = 50.0,331,Time [s],Liquid Level [%],165.5,64.39737853571724,True
1,Kp = 50.0,332,Time [s],Liquid Level [%],166.0,64.40497381328116,True
1,Kp = 50.0,333,Time [s],Liquid Level [%],166.5,64.41217864049358,True
1,Kp = 50.0,334,Time [s],Liquid Level [%],167.0,64.41899439920516,True
1,Kp = 50.0,335,Time [s],Liquid Level [%],167.5,64.42542247546385,True
1,Kp = 50.0,336,Time [s],Liquid Level [%],168.0,64.43146425946334,True
1,Kp = 50.0,337,Time [s],Liquid Level [%],168.5,64.43712114549189,True
1,Kp = 50.0,338,Time [s],Liquid Level [%],169.0,64.44239453188095,True
1,Kp = 50.0,339,Time [s],Liquid Level [%],169.5,64.4472858209541,True
1,Kp = 50.0,340,Time [s],Liquid Level [%],170.0,64.451796418976,True
1,Kp = 50.0,341,Time [s],Liquid Level [%],170.5,64.45592773610154,True
1,Kp = 50.0,342,Time [s],Liquid Level [%],171.0,64.45968118632496,True
1,Kp = 50.0,343,Time [s],Liquid Level [%],171.5,64.46305818742914,True
1,Kp = 50.0,344,Time [s],Liquid Level [%],172.0,64.46606016093504,True
1,Kp = 50.0,345,Time [s],Liquid Level [%],172.5,64.46868853205126,True
1,Kp = 50.0,346,Time [s],Liquid Level [%],173.0,64.47094472962353,True
1,Kp = 50.0,347,Time [s],Liquid Level [%],173.5,64.47283018608458,True
1,Kp = 50.0,348,Time [s],Liquid Level [%],174.0,64.47434633740392,True
1,Kp = 50.0,349,Time [s],Liquid Level [%],174.5,64.47549462303779,True
1,Kp = 50.0,350,Time [s],Liquid Level [%],175.0,64.47627648587927,True
1,Kp = 50.0,351,Time [s],Liquid Level [%],175.5,64.47669337220844,True
1,Kp = 50.0,352,Time [s],Liquid Level [%],176.0,64.47674673164269,True
1,Kp = 50.0,353,Time [s],Liquid Level [%],176.5,64.47643801708712,True
1,Kp = 50.0,354,Time [s],Liquid Level [%],177.0,64.47576868468508,True
1,Kp = 50.0,355,Time [s],Liquid Level [%],177.5,64.47474019376881,True
1,Kp = 50.0,356,Time [s],Liquid Level [%],178.0,64.47335400681024,True
1,Kp = 50.0,357,Time [s],Liquid Level [%],178.5,64.47161158937185,True
1,Kp = 50.0,358,Time [s],Liquid Level [%],179.0,64.46951441005763,True
1,Kp = 50.0,359,Time [s],Liquid Level [%],179.5,64.46706394046427,True
1,Kp = 50.0,360,Time [s],Liquid Level [%],180.0,64.46426165513242,True
1,Kp = 50.0,361,Time [s],Liquid Level [%],180.5,64.46110903149793,True
1,Kp = 50.0,362,Time [s],Liquid Level [%],181.0,64.45760754984352,True
1,Kp = 50.0,363,Time [s],Liquid Level [%],181.5,64.4537586932502,True
1,Kp = 50.0,364,Time [s],Liquid Level [%],182.0,64.44956394754917,True
1,Kp = 50.0,365,Time [s],Liquid Level [%],182.5,64.4450248012736,True
1,Kp = 50.0,366,Time [s],Liquid Level [%],183.0,64.44014274561057,True
1,Kp = 50.0,367,Time [s],Liquid Level [%],183.5,64.43491927435329,True
1,Kp = 50.0,368,Time [s],Liquid Level [%],184.0,64.42935588385323,True
1,Kp = 50.0,369,Time [s],Liquid Level [%],184.5,64.42345407297258,True
1,Kp = 50.0,370,Time [s],Liquid Level [%],185.0,64.41721534303663,True
1,Kp = 50.0,371,Time [s],Liquid Level [%],185.5,64.41064119778649,True
1,Kp = 50.0,372,Time [s],Liquid Level [%],186.0,64.40373314333179,True
1,Kp = 50.0,373,Time [s],Liquid Level [%],186.5,64.39649268810356,True
1,Kp = 50.0,374,Time [s],Liquid Level [%],187.0,64.38892134280727,True
1,Kp = 50.0,375,Time [s],Liquid Level [%],187.5,64.3810206203759,True
1,Kp = 50.0,376,Time [s],Liquid Level [%],188.0,64.37279203592333,True
1,Kp = 50.0,377,Time [s],Liquid Level [%],188.5,64.36423710669756,True
1,Kp = 50.0,378,Time [s],Liquid Level [%],189.0,64.35535735203447,True
1,Kp = 50.0,379,Time [s],Liquid Level [%],189.5,64.34615429331134,True
1,Kp = 50.0,380,Time [s],Liquid Level [%],190.0,64.33662945390066,True
1,Kp = 50.0,381,Time [s],Liquid Level [%],190.5,64.32678435912415,True
1,Kp = 50.0,382,Time [s],Liquid Level [%],191.0,64.31662053620674,True
1,Kp = 50.0,383,Time [s],Liquid Level [%],191.5,64.30613951423092,True
1,Kp = 50.0,384,Time [s],Liquid Level [%],192.0,64.29534282409091,True
1,Kp = 50.0,385,Time [s],Liquid Level [%],192.5,64.28423199844727,True
1,Kp = 50.0,386,Time [s],Liquid Level [%],193.0,64.27280857168152,True
1,Kp = 50.0,387,Time [s],Liquid Level [%],193.5,64.26107407985081,True
1,Kp = 50.0,388,Time [s],Liquid Level [%],194.0,64.24903006064294,True
1,Kp = 50.0,389,Time [s],Liquid Level [%],194.5,64.23667805333133,True
1,Kp = 50.0,390,Time [s],Liquid Level [%],195.0,64.2240195987302,True
1,Kp = 50.0,391,Time [s],Liquid Level [%],195.5,64.21105623914993,True
1,Kp = 50.0,392,Time [s],Liquid Level [%],196.0,64.19778951835247,True
1,Kp = 50.0,393,Time [s],Liquid Level [%],196.5,64.184220981507,True
1,Kp = 50.0,394,Time [s],Liquid Level [%],197.0,64.17035217514567,True
1,Kp = 50.0,395,Time [s],Liquid Level [%],197.5,64.15618464711945,True
1,Kp = 50.0,396,Time [s],Liquid Level [%],198.0,64.14171994655419,True
1,Kp = 50.0,397,Time [s],Liquid Level [%],198.5,64.1269596238068,True
1,Kp = 50.0,398,Time [s],Liquid Level [%],199.0,64.11190523042157,True
1,Kp = 50.0,399,Time [s],Liquid Level [%],199.5,64.09655831908665,True
1,Kp = 50.0,400,Time [s],Liquid Level [%],200.0,64.08092044359066,True
1,Kp = 50.0,401,Time [s],Liquid Level [%],200.5,64.06499315877937,True
1,Kp = 50.0,402,Time [s],Liquid Level [%],201.0,64.04877802051277,True
1,Kp = 50.0,403,Time [s],Liquid Level [%],201.5,64.03227658562194,True
1,Kp = 50.0,404,Time [s],Liquid Level [%],202.0,64.01549041186644,True
1,Kp = 50.0,405,Time [s],Liquid Level [%],202.5,63.99842105789146,True
1,Kp = 50.0,406,Time [s],Liquid Level [%],203.0,63.98107008318548,True
1,Kp = 50.0,407,Time [s],Liquid Level [%],203.5,63.963439048037806,True
1,Kp = 50.0,408,Time [s],Liquid Level [%],204.0,63.945529513496446,True
1,Kp = 50.0,409,Time [s],Liquid Level [%],204.5,63.927343041326004,True
1,Kp = 50.0,410,Time [s],Liquid Level [%],205.0,63.90888119396578,True
1,Kp = 50.0,411,Time [s],Liquid Level [%],205.5,63.89014553448804,True
1,Kp = 50.0,412,Time [s],Liquid Level [%],206.0,63.8711376265564,True
1,Kp = 50.0,413,Time [s],Liquid Level [%],206.5,63.85185903438435,True
1,Kp = 50.0,414,Time [s],Liquid Level [%],207.0,63.83231132269401,True
1,Kp = 50.0,415,Time [s],Liquid Level [%],207.5,63.81249605667496,True
1,Kp = 50.0,416,Time [s],Liquid Level [%],208.0,63.79241480194321,True
1,Kp = 50.0,417,Time [s],Liquid Level [%],208.5,63.7720691245004,True
1,Kp = 50.0,418,Time [s],Liquid Level [%],209.0,63.75146059069311,True
1,Kp = 50.0,419,Time [s],Liquid Level [%],209.5,63.73059076717232,True
1,Kp = 50.0,420,Time [s],Liquid Level [%],210.0,63.709461220853036,True
1,Kp = 50.0,421,Time [s],Liquid Level [%],210.5,63.688073518874056,True
1,Kp = 50.0,422,Time [s],Liquid Level [%],211.0,63.66642922855792,True
1,Kp = 50.0,423,Time [s],Liquid Level [%],211.5,63.644529917370996,True
1,Kp = 50.0,424,Time [s],Liquid Level [%],212.0,63.6223771528837,True
1,Kp = 50.0,425,Time [s],Liquid Level [%],212.5,63.59997250273093,True
1,Kp = 50.0,426,Time [s],Liquid Level [%],213.0,63.5773175345726,True
1,Kp = 50.0,427,Time [s],Liquid Level [%],213.5,63.55441381605436,True
1,Kp = 50.0,428,Time [s],Liquid Level [%],214.0,63.53126291476848,True
1,Kp = 50.0,429,Time [s],Liquid Level [%],214.5,63.50786639821487,True
1,Kp = 50.0,430,Time [s],Liquid Level [%],215.0,63.484225833762274,True
1,Kp = 50.0,431,Time [s],Liquid Level [%],215.5,63.4603427886096,True
1,Kp = 50.0,432,Time [s],Liquid Level [%],216.0,63.436218829747446,True
1,Kp = 50.0,433,Time [s],Liquid Level [%],216.5,63.411855523919755,True
1,Kp = 50.0,434,Time [s],Liquid Level [%],217.0,63.38725443758564,True
1,Kp = 50.0,435,Time [s],Liquid Level [%],217.5,63.362417136881376,True
1,Kp = 50.0,436,Time [s],Liquid Level [%],218.0,63.33734518758253,True
1,Kp = 50.0,437,Time [s],Liquid Level [%],218.5,63.31204015506627,True
1,Kp = 50.0,438,Time [s],Liquid Level [%],219.0,63.28650360427386,True
1,Kp = 50.0,439,Time [s],Liquid Level [%],219.5,63.26073709967323,True
1,Kp = 50.0,440,Time [s],Liquid Level [%],220.0,63.23474220522179,True
1,Kp = 50.0,441,Time [s],Liquid Level [%],220.5,63.20852048432943,True
1,Kp = 50.0,442,Time [s],Liquid Level [%],221.0,63.182073499821556,True
1,Kp = 50.0,443,Time [s],Liquid Level [%],221.5,63.155402813902384,True
1,Kp = 50.0,444,Time [s],Liquid Level [%],222.0,63.128509988118395,True
1,Kp = 50.0,445,Time [s],Liquid Level [%],222.5,63.101396583321936,True
1,Kp = 50.0,446,Time [s],Liquid Level [%],223.0,63.07406415963496,True
1,Kp = 50.0,447,Time [s],Liquid Level [%],223.5,63.04651427641296,True
1,Kp = 50.0,448,Time [s],Liquid Level [%],224.0,63.018748492209056,True
1,Kp = 50.0,449,Time [s],Liquid Level [%],224.5,62.99076836473826,True
1,Kp = 50.0,450,Time [s],Liquid Level [%],225.0,62.96257545084188,True
1,Kp = 50.0,451,Time [s],Liquid Level [%],225.5,62.934171306452114,True
1,Kp = 50.0,452,Time [s],Liquid Level [%],226.0,62.90555748655675,True
1,Kp = 50.0,453,Time [s],Liquid Level [%],226.5,62.876735545164145,True
1,Kp = 50.0,454,Time [s],Liquid Level [%],227.0,62.84770703526823,True
1,Kp = 50.0,455,Time [s],Liquid Level [%],227.5,62.81847350881381,True
1,Kp = 50.0,456,Time [s],Liquid Level [%],228.0,62.78903651666193,True
1,Kp = 50.0,457,Time [s],Liquid Level [%],228.5,62.75939760855545,True
1,Kp = 50.0,458,Time [s],Liquid Level [%],229.0,62.72955833308481,True
1,Kp = 50.0,459,Time [s],Liquid Level [%],229.5,62.699520237653886,True
1,Kp = 50.0,460,Time [s],Liquid Level [%],230.0,62.66928486844607,True
1,Kp = 50.0,461,Time [s],Liquid Level [%],230.5,62.63885377039055,True
1,Kp = 50.0,462,Time [s],Liquid Level [%],231.0,62.608228487128635,True
1,Kp = 50.0,463,Time [s],Liquid Level [%],231.5,62.5774105609804,True
1,Kp = 50.0,464,Time [s],Liquid Level [%],232.0,62.54640153291135,True
1,Kp = 50.0,465,Time [s],Liquid Level [%],232.5,62.51520294249936,True
1,Kp = 50.0,466,Time [s],Liquid Level [%],233.0,62.483816327901756,True
1,Kp = 50.0,467,Time [s],Liquid Level [%],233.5,62.4522432258225,True
1,Kp = 50.0,468,Time [s],Liquid Level [%],234.0,62.42048517147965,True
1,Kp = 50.0,469,Time [s],Liquid Level [%],234.5,62.38854369857285,True
1,Kp = 50.0,470,Time [s],Liquid Level [%],235.0,62.35642033925119,True
1,Kp = 50.0,471,Time [s],Liquid Level [%],235.5,62.324116624080986,True
1,Kp = 50.0,472,Time [s],Liquid Level [%],236.0,62.29163408201393,True
1,Kp = 50.0,473,Time [s],Liquid Level [%],236.5,62.25897424035529,True
1,Kp = 50.0,474,Time [s],Liquid Level [%],237.0,62.22613862473237,True
1,Kp = 50.0,475,Time [s],Liquid Level [%],237.5,62.19312875906306,True
1,Kp = 50.0,476,Time [s],Liquid Level [%],238.0,62.15994616552452,True
1,Kp = 50.0,477,Time [s],Liquid Level [%],238.5,62.12659236452222,True
1,Kp = 50.0,478,Time [s],Liquid Level [%],239.0,62.09306887465892,True
1,Kp = 50.0,479,Time [s],Liquid Level [%],239.5,62.05937721270398,True
1,Kp = 50.0,480,Time [s],Liquid Level [%],240.0,62.02551889356276,True
1,Kp = 50.0,481,Time [s],Liquid Level [%],240.5,61.991495430246204,True
1,Kp = 50.0,482,Time [s],Liquid Level [%],241.0,61.95730833384061,True
1,Kp = 50.0,483,Time [s],Liquid Level [%],241.5,61.92295911347756,True
1,Kp = 50.0,484,Time [s],Liquid Level [%],242.0,61.888449276304,True
1,Kp = 50.0,485,Time [s],Liquid Level [%],242.5,61.85378032745253,True
1,Kp = 50.0,486,Time [s],Liquid Level [%],243.0,61.81895377001183,True
1,Kp = 50.0,487,Time [s],Liquid Level [%],243.5,61.783971104997256,True
1,Kp = 50.0,488,Time [s],Liquid Level [%],244.0,61.748833831321626,True
1,Kp = 50.0,489,Time [s],Liquid Level [%],244.5,61.71354344576616,True
1,Kp = 50.0,490,Time [s],Liquid Level [%],245.0,61.67810144295161,True
1,Kp = 50.0,491,Time [s],Liquid Level [%],245.5,61.6425093153095,True
1,Kp = 50.0,492,Time [s],Liquid Level [%],246.0,61.606768553053634,True
1,Kp = 50.0,493,Time [s],Liquid Level [%],246.5,61.57088064415167,True
1,Kp = 50.0,494,Time [s],Liquid Level [%],247.0,61.53484707429694,True
1,Kp = 50.0,495,Time [s],Liquid Level [%],247.5,61.4986693268804,True
1,Kp = 50.0,496,Time [s],Liquid Level [%],248.0,61.4623488829628,True
1,Kp = 50.0,497,Time [s],Liquid Level [%],248.5,61.4258872212469,True
1,Kp = 50.0,498,Time [s],Liquid Level [%],249.0,61.389285818050034,True
1,Kp = 50.0,499,Time [s],Liquid Level [%],249.5,61.352546147276676,True
1,Kp = 50.0,500,Time [s],Liquid Level [%],250.0,61.3156696803913,True
1,Kp = 50.0,501,Time [s],Liquid Level [%],250.5,61.278657886391365,True
1,Kp = 50.0,502,Time [s],Liquid Level [%],251.0,61.241512231780405,True
1,Kp = 50.0,503,Time [s],Liquid Level [%],251.5,61.20423418054142,True
1,Kp = 50.0,504,Time [s],Liquid Level [%],252.0,61.16682519411031,True
1,Kp = 50.0,505,Time [s],Liquid Level [%],252.5,61.12928673134957,True
1,Kp = 50.0,506,Time [s],Liquid Level [%],253.0,61.09162024852212,True
1,Kp = 50.0,507,Time [s],Liquid Level [%],253.5,61.05382719926524,True
1,Kp = 50.0,508,Time [s],Liquid Level [%],254.0,61.01590903456485,True
1,Kp = 50.0,509,Time [s],Liquid Level [%],254.5,60.977867202729755,True
1,Kp = 50.0,510,Time [s],Liquid Level [%],255.0,60.939703149366174,True
1,Kp = 50.0,511,Time [s],Liquid Level [%],255.5,60.90141831735245,True
1,Kp = 50.0,512,Time [s],Liquid Level [%],256.0,60.86301414681385,True
1,Kp = 50.0,513,Time [s],Liquid Level [%],256.5,60.82449207509764,True
1,Kp = 50.0,514,Time [s],Liquid Level [%],257.0,60.78585353674818,True
1,Kp = 50.0,515,Time [s],Liquid Level [%],257.5,60.74709996348238,True
1,Kp = 50.0,516,Time [s],Liquid Level [%],258.0,60.70823278416515,True
1,Kp = 50.0,517,Time [s],Liquid Level [%],258.5,60.66925342478513,True
1,Kp = 50.0,518,Time [s],Liquid Level [%],259.0,60.63016330843054,True
1,Kp = 50.0,519,Time [s],Liquid Level [%],259.5,60.590963855265215,True
1,Kp = 50.0,520,Time [s],Liquid Level [%],260.0,60.55165648250479,True
1,Kp = 50.0,521,Time [s],Liquid Level [%],260.5,60.512242604393094,True
1,Kp = 50.0,522,Time [s],Liquid Level [%],261.0,60.472723632178685,True
1,Kp = 50.0,523,Time [s],Liquid Level [%],261.5,60.43310097409152,True
1,Kp = 50.0,524,Time [s],Liquid Level [%],262.0,60.39337603531989,True
1,Kp = 50.0,525,Time [s],Liquid Level [%],262.5,60.353550217987404,True
1,Kp = 50.0,526,Time [s],Liquid Level [%],263.0,60.31362492113025,True
1,Kp = 50.0,527,Time [s],Liquid Level [%],263.5,60.273601540674534,True
1,Kp = 50.0,528,Time [s],Liquid Level [%],264.0,60.233481469413874,True
1,Kp = 50.0,529,Time [s],Liquid Level [%],264.5,60.193266096987074,True
1,Kp = 50.0,530,Time [s],Liquid Level [%],265.0,60.15295680985603,True
1,Kp = 50.0,531,Time [s],Liquid Level [%],265.5,60.11255499128379,True
1,Kp = 50.0,532,Time [s],Liquid Level [%],266.0,60.072062021312746,True
1,Kp = 50.0,533,Time [s],Liquid Level [%],266.5,60.03147927674306,True
1,Kp = 50.0,534,Time [s],Liquid Level [%],267.0,59.990808131111194,True
1,Kp = 50.0,535,Time [s],Liquid Level [%],267.5,59.950049954668636,True
1,Kp = 50.0,536,Time [s],Liquid Level [%],268.0,59.9092061143608,True
1,Kp = 50.0,537,Time [s],Liquid Level [%],268.5,59.86827797380607,True
1,Kp = 50.0,538,Time [s],Liquid Level [%],269.0,59.827266893275045,True
1,Kp = 50.0,539,Time [s],Liquid Level [%],269.5,59.786174229669896,True
1,Kp = 50.0,540,Time [s],Liquid Level [%],270.0,59.745001336503954,True
1,Kp = 50.0,541,Time [s],Liquid Level [%],270.5,59.70374956388144,True
1,Kp = 50.0,542,Time [s],Liquid Level [%],271.0,59.66242025847731,True
1,Kp = 50.0,543,Time [s],Liquid Level [%],271.5,59.621014763517366,True
1,Kp = 50.0,544,Time [s],Liquid Level [%],272.0,59.57953441875845,True
1,Kp = 50.0,545,Time [s],Liquid Level [%],272.5,59.53798056046883,True
1,Kp = 50.0,546,Time [s],Liquid Level [%],273.0,59.49635452140877,True
1,Kp = 50.0,547,Time [s],Liquid Level [%],273.5,59.454657630811234,True
1,Kp = 50.0,548,Time [s],Liquid Level [%],274.0,59.41289121436279,True
1,Kp = 50.0,549,Time [s],Liquid Level [%],274.5,59.371056594184616,True
1,Kp = 50.0,550,Time [s],Liquid Level [%],275.0,59.32915508881378,True
1,Kp = 50.0,551,Time [s],Liquid Level [%],275.5,59.287188013184576,True
1,Kp = 50.0,552,Time [s],Liquid Level [%],276.0,59.24515667861009,True
1,Kp = 50.0,553,Time [s],Liquid Level [%],276.5,59.20306239276388,True
1,Kp = 50.0,554,Time [s],Liquid Level [%],277.0,59.160906459661874,True
1,Kp = 50.0,555,Time [s],Liquid Level [%],277.5,59.118690179644396,True
1,Kp = 50.0,556,Time [s],Liquid Level [%],278.0,59.07641484935837,True
1,Kp = 50.0,557,Time [s],Liquid Level [%],278.5,59.0340817617397,True
1,Kp = 50.0,558,Time [s],Liquid Level [%],279.0,58.99169220599575,True
1,Kp = 50.0,559,Time [s],Liquid Level [%],279.5,58.94924746758809,True
1,Kp = 50.0,560,Time [s],Liquid Level [%],280.0,58.906748828215306,True
1,Kp = 50.0,561,Time [s],Liquid Level [%],280.5,58.86419756579606,True
1,Kp = 50.0,562,Time [s],Liquid Level [%],281.0,58.82159495445223,True
1,Kp = 50.0,563,Time [s],Liquid Level [%],281.5,58.77894226449224,True
1,Kp = 50.0,564,Time [s],Liquid Level [%],282.0,58.73624076239462,True
1,Kp = 50.0,565,Time [s],Liquid Level [%],282.5,58.693491710791626,True
1,Kp = 50.0,566,Time [s],Liquid Level [%],283.0,58.65069636845306,True
1,Kp = 50.0,567,Time [s],Liquid Level [%],283.5,58.607855990270295,True
1,Kp = 50.0,568,Time [s],Liquid Level [%],284.0,58.564971827240385,True
1,Kp = 50.0,569,Time [s],Liquid Level [%],284.5,58.522045126450394,True
1,Kp = 50.0,570,Time [s],Liquid Level [%],285.0,58.479077131061864,True
1,Kp = 50.0,571,Time [s],Liquid Level [%],285.5,58.43606908029544,True
1,Kp = 50.0,572,Time [s],Liquid Level [%],286.0,58.393022209415655,True
1,Kp = 50.0,573,Time [s],Liquid Level [%],286.5,58.3499377497159,True
1,Kp = 50.0,574,Time [s],Liquid Level [%],287.0,58.30681692850348,True
1,Kp = 50.0,575,Time [s],Liquid Level [%],287.5,58.26366096908496,True
1,Kp = 50.0,576,Time [s],Liquid Level [%],288.0,58.22047109075154,True
1,Kp = 50.0,577,Time [s],Liquid Level [%],288.5,58.177248508764634,True
1,Kp = 50.0,578,Time [s],Liquid Level [%],289.0,58.13399443434166,True
1,Kp = 50.0,579,Time [s],Liquid Level [%],289.5,58.09071007464189,True
1,Kp = 50.0,580,Time [s],Liquid Level [%],290.0,58.047396632752545,True
1,Kp = 50.0,581,Time [s],Liquid Level [%],290.5,58.00405530767498,True
1,Kp = 50.0,582,Time [s],Liquid Level [%],291.0,57.96068729431112,True
1,Kp = 50.0,583,Time [s],Liquid Level [%],291.5,57.91729378344992,True
1,Kp = 50.0,584,Time [s],Liquid Level [%],292.0,57.87387596175408,True
1,Kp = 50.0,585,Time [s],Liquid Level [%],292.5,57.830435011746914,True
1,Kp = 50.0,586,Time [s],Liquid Level [%],293.0,57.786972111799315,True
1,Kp = 50.0,587,Time [s],Liquid Level [%],293.5,57.74348843611694,True
1,Kp = 50.0,588,Time [s],Liquid Level [%],294.0,57.69998515472751,True
1,Kp = 50.0,589,Time [s],Liquid Level [%],294.5,57.65646343346824,True
1,Kp = 50.0,590,Time [s],Liquid Level [%],295.0,57.612924433973554,True
1,Kp = 50.0,591,Time [s],Liquid Level [%],295.5,57.569369313662776,True
1,Kp = 50.0,592,Time [s],Liquid Level [%],296.0,57.52579922572808,True
1,Kp = 50.0,593,Time [s],Liquid Level [%],296.5,57.48221531912261,True
1,Kp = 50.0,594,Time [s],Liquid Level [%],297.0,57.438618738548676,True
1,Kp = 50.0,595,Time [s],Liquid Level [%],297.5,57.395010624446165,True
1,Kp = 50.0,596,Time [s],Liquid Level [%],298.0,57.351392112981095,True
1,Kp = 50.0,597,Time [s],Liquid Level [%],298.5,57.307764336034296,True
1,Kp = 50.0,598,Time [s],Liquid Level [%],299.0,57.264128421190264,True
1,Kp = 50.0,599,Time [s],Liquid Level [%],299.5,57.22048549172616,True
1,Kp = 200.0,0,Time [s],Liquid Level [%],0.0,50.0,True
1,Kp = 200.0,1,Time [s],Liquid Level [%],0.5,50.0,True
1,Kp = 200.0,2,Time [s],Liquid Level [%],1.0,50.0,True
1,Kp = 200.0,3,Time [s],Liquid Level [%],1.5,50.0,True
1,Kp = 200.0,4,Time [s],Liquid Level [%],2.0,50.0,True
1,Kp = 200.0,5,Time [s],Liquid Level [%],2.5,50.0,True
1,Kp = 200.0,6,Time [s],Liquid Level [%],3.0,50.0,True
1,Kp = 200.0,7,Time [s],Liquid Level [%],3.5,50.0,True
1,Kp = 200.0,8,Time [s],Liquid Level [%],4.0,50.0,True
1,Kp = 200.0,9,Time [s],Liquid Level [%],4.5,50.0,True
1,Kp = 200.0,10,Time [s],Liquid Level [%],5.0,50.0,True
1,Kp = 200.0,11,Time [s],Liquid Level [%],5.5,50.0,True
1,Kp = 200.0,12,Time [s],Liquid Level [%],6.0,50.0,True
1,Kp = 200.0,13,Time [s],Liquid Level [%],6.5,50.0,True
1,Kp = 200.0,14,Time [s],Liquid Level [%],7.0,50.0,True
1,Kp = 200.0,15,Time [s],Liquid Level [%],7.5,50.0,True
1,Kp = 200.0,16,Time [s],Liquid Level [%],8.0,50.0,True
1,Kp = 200.0,17,Time [s],Liquid Level [%],8.5,50.0,True
1,Kp = 200.0,18,Time [s],Liquid Level [%],9.0,50.0,True
1,Kp = 200.0,19,Time [s],Liquid Level [%],9.5,50.0,True
1,Kp = 200.0,20,Time [s],Liquid Level [%],10.0,50.0,True
1,Kp = 200.0,21,Time [s],Liquid Level [%],10.5,50.0,True
1,Kp = 200.0,22,Time [s],Liquid Level [%],11.0,50.0,True
1,Kp = 200.0,23,Time [s],Liquid Level [%],11.5,50.0,True
1,Kp = 200.0,24,Time [s],Liquid Level [%],12.0,50.0,True
1,Kp = 200.0,25,Time [s],Liquid Level [%],12.5,50.0,True
1,Kp = 200.0,26,Time [s],Liquid Level [%],13.0,50.0,True
1,Kp = 200.0,27,Time [s],Liquid Level [%],13.5,50.0,True
1,Kp = 200.0,28,Time [s],Liquid Level [%],14.0,50.0,True
1,Kp = 200.0,29,Time [s],Liquid Level [%],14.5,50.0,True
1,Kp = 200.0,30,Time [s],Liquid Level [%],15.0,50.0,True
1,Kp = 200.0,31,Time [s],Liquid Level [%],15.5,50.0,True
1,Kp = 200.0,32,Time [s],Liquid Level [%],16.0,50.0,True
1,Kp = 200.0,33,Time [s],Liquid Level [%],16.5,50.0,True
1,Kp = 200.0,34,Time [s],Liquid Level [%],17.0,50.0,True
1,Kp = 200.0,35,Time [s],Liquid Level [%],17.5,50.0,True
1,Kp = 200.0,36,Time [s],Liquid Level [%],18.0,50.0,True
1,Kp = 200.0,37,Time [s],Liquid Level [%],18.5,50.0,True
1,Kp = 200.0,38,Time [s],Liquid Level [%],19.0,50.0,True
1,Kp = 200.0,39,Time [s],Liquid Level [%],19.5,50.0,True
1,Kp = 200.0,40,Time [s],Liquid Level [%],20.0,50.0,True
1,Kp = 200.0,41,Time [s],Liquid Level [%],20.5,50.0,True
1,Kp = 200.0,42,Time [s],Liquid Level [%],21.0,50.0,True
1,Kp = 200.0,43,Time [s],Liquid Level [%],21.5,50.0,True
1,Kp = 200.0,44,Time [s],Liquid Level [%],22.0,50.0,True
1,Kp = 200.0,45,Time [s],Liquid Level [%],22.5,50.0,True
1,Kp = 200.0,46,Time [s],Liquid Level [%],23.0,50.0,True
1,Kp = 200.0,47,Time [s],Liquid Level [%],23.5,50.0,True
1,Kp = 200.0,48,Time [s],Liquid Level [%],24.0,50.0,True
1,Kp = 200.0,49,Time [s],Liquid Level [%],24.5,50.0,True
1,Kp = 200.0,50,Time [s],Liquid Level [%],25.0,50.0,True
1,Kp = 200.0,51,Time [s],Liquid Level [%],25.5,50.0,True
1,Kp = 200.0,52,Time [s],Liquid Level [%],26.0,50.0,True
1,Kp = 200.0,53,Time [s],Liquid Level [%],26.5,50.0,True
1,Kp = 200.0,54,Time [s],Liquid Level [%],27.0,50.0,True
1,Kp = 200.0,55,Time [s],Liquid Level [%],27.5,50.0,True
1,Kp = 200.0,56,Time [s],Liquid Level [%],28.0,50.0,True
1,Kp = 200.0,57,Time [s],Liquid Level [%],28.5,50.0,True
1,Kp = 200.0,58,Time [s],Liquid Level [%],29.0,50.0,True
1,Kp = 200.0,59,Time [s],Liquid Level [%],29.5,50.0,True
1,Kp = 200.0,60,Time [s],Liquid Level [%],30.0,50.0,True
1,Kp = 200.0,61,Time [s],Liquid Level [%],30.5,50.0,True
1,Kp = 200.0,62,Time [s],Liquid Level [%],31.0,50.0,True
1,Kp = 200.0,63,Time [s],Liquid Level [%],31.5,50.0,True
1,Kp = 200.0,64,Time [s],Liquid Level [%],32.0,50.0,True
1,Kp = 200.0,65,Time [s],Liquid Level [%],32.5,50.0,True
1,Kp = 200.0,66,Time [s],Liquid Level [%],33.0,50.0,True
1,Kp = 200.0,67,Time [s],Liquid Level [%],33.5,50.0,True
1,Kp = 200.0,68,Time [s],Liquid Level [%],34.0,50.0,True
1,Kp = 200.0,69,Time [s],Liquid Level [%],34.5,50.0,True
1,Kp = 200.0,70,Time [s],Liquid Level [%],35.0,50.0,True
1,Kp = 200.0,71,Time [s],Liquid Level [%],35.5,50.0,True
1,Kp = 200.0,72,Time [s],Liquid Level [%],36.0,50.0,True
1,Kp = 200.0,73,Time [s],Liquid Level [%],36.5,50.0,True
1,Kp = 200.0,74,Time [s],Liquid Level [%],37.0,50.0,True
1,Kp = 200.0,75,Time [s],Liquid Level [%],37.5,50.0,True
1,Kp = 200.0,76,Time [s],Liquid Level [%],38.0,50.0,True
1,Kp = 200.0,77,Time [s],Liquid Level [%],38.5,50.0,True
1,Kp = 200.0,78,Time [s],Liquid Level [%],39.0,50.0,True
1,Kp = 200.0,79,Time [s],Liquid Level [%],39.5,50.0,True
1,Kp = 200.0,80,Time [s],Liquid Level [%],40.0,50.0,True
1,Kp = 200.0,81,Time [s],Liquid Level [%],40.5,50.0,True
1,Kp = 200.0,82,Time [s],Liquid Level [%],41.0,50.0,True
1,Kp = 200.0,83,Time [s],Liquid Level [%],41.5,50.0,True
1,Kp = 200.0,84,Time [s],Liquid Level [%],42.0,50.0,True
1,Kp = 200.0,85,Time [s],Liquid Level [%],42.5,50.0,True
1,Kp = 200.0,86,Time [s],Liquid Level [%],43.0,50.0,True
1,Kp = 200.0,87,Time [s],Liquid Level [%],43.5,50.0,True
1,Kp = 200.0,88,Time [s],Liquid Level [%],44.0,50.0,True
1,Kp = 200.0,89,Time [s],Liquid Level [%],44.5,50.0,True
1,Kp = 200.0,90,Time [s],Liquid Level [%],45.0,50.0,True
1,Kp = 200.0,91,Time [s],Liquid Level [%],45.5,50.0,True
1,Kp = 200.0,92,Time [s],Liquid Level [%],46.0,50.0,True
1,Kp = 200.0,93,Time [s],Liquid Level [%],46.5,50.0,True
1,Kp = 200.0,94,Time [s],Liquid Level [%],47.0,50.0,True
1,Kp = 200.0,95,Time [s],Liquid Level [%],47.5,50.0,True
1,Kp = 200.0,96,Time [s],Liquid Level [%],48.0,50.0,True
1,Kp = 200.0,97,Time [s],Liquid Level [%],48.5,50.0,True
1,Kp = 200.0,98,Time [s],Liquid Level [%],49.0,50.0,True
1,Kp = 200.0,99,Time [s],Liquid Level [%],49.5,50.0,True
1,Kp = 200.0,100,Time [s],Liquid Level [%],50.0,50.125,True
1,Kp = 200.0,101,Time [s],Liquid Level [%],50.5,50.2270703125,True
1,Kp = 200.0,102,Time [s],Liquid Level [%],51.0,50.33123741455078,True
1,Kp = 200.0,103,Time [s],Liquid Level [%],51.5,50.433284429411565,True
1,Kp = 200.0,104,Time [s],Liquid Level [%],52.0,50.53393887476161,True
1,Kp = 200.0,105,Time [s],Liquid Level [%],52.5,50.63309222230815,True
1,Kp = 200.0,106,Time [s],Liquid Level [%],53.0,50.73077724992302,True
1,Kp = 200.0,107,Time [s],Liquid Level [%],53.5,50.827002791102714,True
1,Kp = 200.0,108,Time [s],Liquid Level [%],54.0,50.92178167487788,True
1,Kp = 200.0,109,Time [s],Liquid Level [%],54.5,51.01512600123307,True
1,Kp = 200.0,110,Time [s],Liquid Level [%],55.0,51.10704793942721,True
1,Kp = 200.0,111,Time [s],Liquid Level [%],55.5,51.197559592517926,True
1,Kp = 200.0,112,Time [s],Liquid Level [%],56.0,51.28667301978349,True
1,Kp = 200.0,113,Time [s],Liquid Level [%],56.5,51.37440023245926,True
1,Kp = 200.0,114,Time [s],Liquid Level [%],57.0,51.460753193997846,True
1,Kp = 200.0,115,Time [s],Liquid Level [%],57.5,51.54574381957594,True
1,Kp = 200.0,116,Time [s],Liquid Level [%],58.0,51.62938397573995,True
1,Kp = 200.0,117,Time [s],Liquid Level [%],58.5,51.71168548003943,True
1,Kp = 200.0,118,Time [s],Liquid Level [%],59.0,51.792660100673835,True
1,Kp = 200.0,119,Time [s],Liquid Level [%],59.5,51.87231955614803,True
1,Kp = 200.0,120,Time [s],Liquid Level [%],60.0,51.95067551493725,True
1,Kp = 200.0,121,Time [s],Liquid Level [%],60.5,52.02773959516135,True
1,Kp = 200.0,122,Time [s],Liquid Level [%],61.0,52.10352336426807,True
1,Kp = 200.0,123,Time [s],Liquid Level [%],61.5,52.178038338725464,True
1,Kp = 200.0,124,Time [s],Liquid Level [%],62.0,52.25129598372317,True
1,Kp = 200.0,125,Time [s],Liquid Level [%],62.5,52.32330771288255,True
1,Kp = 200.0,126,Time [s],Liquid Level [%],63.0,52.39408488797558,True
1,Kp = 200.0,127,Time [s],Liquid Level [%],63.5,52.46363881865228,True
1,Kp = 200.0,128,Time [s],Liquid Level [%],64.0,52.53198076217682,True
1,Kp = 200.0,129,Time [s],Liquid Level [%],64.5,52.59912192317192,True
1,Kp = 200.0,130,Time [s],Liquid Level [%],65.0,52.66507345337167,True
1,Kp = 200.0,131,Time [s],Liquid Level [%],65.5,52.72984645138259,True
1,Kp = 200.0,132,Time [s],Liquid Level [%],66.0,52.793451962452785,True
1,Kp = 200.0,133,Time [s],Liquid Level [%],66.5,52.85590097824917,True
1,Kp = 200.0,134,Time [s],Liquid Level [%],67.0,52.917204436642685,True
1,Kp = 200.0,135,Time [s],Liquid Level [%],67.5,52.9773732215013,True
1,Kp = 200.0,136,Time [s],Liquid Level [%],68.0,53.03641816249085,True
1,Kp = 200.0,137,Time [s],Liquid Level [%],68.5,53.0943500348835,True
1,Kp = 200.0,138,Time [s],Liquid Level [%],69.0,53.15117955937379,True
1,Kp = 200.0,139,Time [s],Liquid Level [%],69.5,53.20691740190219,True
1,Kp = 200.0,140,Time [s],Liquid Level [%],70.0,53.26157417348607,True
1,Kp = 200.0,141,Time [s],Liquid Level [%],70.5,53.31516043005791,True
1,Kp = 200.0,142,Time [s],Liquid Level [%],71.0,53.367686672310754,True
1,Kp = 200.0,143,Time [s],Liquid Level [%],71.5,53.41916334555085,True
1,Kp = 200.0,144,Time [s],Liquid Level [%],72.0,53.46960083955724,True
1,Kp = 200.0,145,Time [s],Liquid Level [%],72.5,53.519009488448354,True
1,Kp = 200.0,146,Time [s],Liquid Level [%],73.0,53.56739957055545,True
1,Kp = 200.0,147,Time [s],Liquid Level [%],73.5,53.61478130830283,True
1,Kp = 200.0,148,Time [s],Liquid Level [%],74.0,53.66116486809476,True
1,Kp = 200.0,149,Time [s],Liquid Level [%],74.5,53.70656036020897,True
1,Kp = 200.0,150,Time [s],Liquid Level [%],75.0,53.7509778386967,True
1,Kp = 200.0,151,Time [s],Liquid Level [%],75.5,53.7944273012892,True
1,Kp = 200.0,152,Time [s],Liquid Level [%],76.0,53.836918689310465,True
1,Kp = 200.0,153,Time [s],Liquid Level [%],76.5,53.87846188759645,True
1,Kp = 200.0,154,Time [s],Liquid Level [%],77.0,53.91906672442026,True
1,Kp = 200.0,155,Time [s],Liquid Level [%],77.5,53.958742971423575,True
1,Kp = 200.0,156,Time [s],Liquid Level [%],78.0,53.99750034355406,True
1,Kp = 200.0,157,Time [s],Liquid Level [%],78.5,54.03534849900873,True
1,Kp = 200.0,158,Time [s],Liquid Level [%],79.0,54.072297039183134,True
1,Kp = 200.0,159,Time [s],Liquid Level [%],79.5,54.108355508626424,True
1,Kp = 200.0,160,Time [s],Liquid Level [%],80.0,54.14353339500204,True
1,Kp = 200.0,161,Time [s],Liquid Level [%],80.5,54.17784012905402,True
1,Kp = 200.0,162,Time [s],Liquid Level [%],81.0,54.21128508457896,True
1,Kp = 200.0,163,Time [s],Liquid Level [%],81.5,54.24387757840336,True
1,Kp = 200.0,164,Time [s],Liquid Level [%],82.0,54.27562687036635,True
1,Kp = 200.0,165,Time [s],Liquid Level [%],82.5,54.30654216330787,True
1,Kp = 200.0,166,Time [s],Liquid Level [%],83.0,54.33663260306193,True
1,Kp = 200.0,167,Time [s],Liquid Level [%],83.5,54.365907278455175,True
1,Kp = 200.0,168,Time [s],Liquid Level [%],84.0,54.3943752213105,True
1,Kp = 200.0,169,Time [s],Liquid Level [%],84.5,54.422045406455666,True
1,Kp = 200.0,170,Time [s],Liquid Level [%],85.0,54.448926751736934,True
1,Kp = 200.0,171,Time [s],Liquid Level [%],85.5,54.47502811803753,True
1,Kp = 200.0,172,Time [s],Liquid Level [%],86.0,54.50035830930092,True
1,Kp = 200.0,173,Time [s],Liquid Level [%],86.5,54.52492607255891,True
1,Kp = 200.0,174,Time [s],Liquid Level [%],87.0,54.54874009796428,True
1,Kp = 200.0,175,Time [s],Liquid Level [%],87.5,54.57180901882812,True
1,Kp = 200.0,176,Time [s],Liquid Level [%],88.0,54.59414141166169,True
1,Kp = 200.0,177,Time [s],Liquid Level [%],88.5,54.615745796222704,True
1,Kp = 200.0,178,Time [s],Liquid Level [%],89.0,54.63663063556602,True
1,Kp = 200.0,179,Time [s],Liquid Level [%],89.5,54.65680433609869,True
1,Kp = 200.0,180,Time [s],Liquid Level [%],90.0,54.67627524763924,True
1,Kp = 200.0,181,Time [s],Liquid Level [%],90.5,54.69505166348117,True
1,Kp = 200.0,182,Time [s],Liquid Level [%],91.0,54.713141820460564,True
1,Kp = 200.0,183,Time [s],Liquid Level [%],91.5,54.73055389902777,True
1,Kp = 200.0,184,Time [s],Liquid Level [%],92.0,54.74729602332305,True
1,Kp = 200.0,185,Time [s],Liquid Level [%],92.5,54.76337626125631,True
1,Kp = 200.0,186,Time [s],Liquid Level [%],93.0,54.77880262459047,True
1,Kp = 200.0,187,Time [s],Liquid Level [%],93.5,54.79358306902885,True
1,Kp = 200.0,188,Time [s],Liquid Level [%],94.0,54.807725494306204,True
1,Kp = 200.0,189,Time [s],Liquid Level [%],94.5,54.821237744283444,True
1,Kp = 200.0,190,Time [s],Liquid Level [%],95.0,54.83412760704606,True
1,Kp = 200.0,191,Time [s],Liquid Level [%],95.5,54.84640281500599,True
1,Kp = 200.0,192,Time [s],Liquid Level [%],96.0,54.85807104500715,True
1,Kp = 200.0,193,Time [s],Liquid Level [%],96.5,54.86913991843423,True
1,Kp = 200.0,194,Time [s],Liquid Level [%],97.0,54.87961700132503,True
1,Kp = 200.0,195,Time [s],Liquid Level [%],97.5,54.88950980448606,True
1,Kp = 200.0,196,Time [s],Liquid Level [%],98.0,54.89882578361141,True
1,Kp = 200.0,197,Time [s],Liquid Level [%],98.5,54.90757233940481,True
1,Kp = 200.0,198,Time [s],Liquid Level [%],99.0,54.91575681770497,True
1,Kp = 200.0,199,Time [s],Liquid Level [%],99.5,54.92338650961381,True
1,Kp = 200.0,200,Time [s],Liquid Level [%],100.0,54.93046865162798,True
1,Kp = 200.0,201,Time [s],Liquid Level [%],100.5,54.937010425773146,True
1,Kp = 200.0,202,Time [s],Liquid Level [%],101.0,54.94301895974137,True
1,Kp = 200.0,203,Time [s],Liquid Level [%],101.5,54.948501327031316,True
1,Kp = 200.0,204,Time [s],Liquid Level [%],102.0,54.953464547091244,True
1,Kp = 200.0,205,Time [s],Liquid Level [%],102.5,54.95791558546485,True
1,Kp = 200.0,206,Time [s],Liquid Level [%],103.0,54.9618613539398,True
1,Kp = 200.0,207,Time [s],Liquid Level [%],103.5,54.9653087106989,True
1,Kp = 200.0,208,Time [s],Liquid Level [%],104.0,54.96826446047396,True
1,Kp = 200.0,209,Time [s],Liquid Level [%],104.5,54.97073535470215,True
1,Kp = 200.0,210,Time [s],Liquid Level [%],105.0,54.9727280916849,True
1,Kp = 200.0,211,Time [s],Liquid Level [%],105.5,54.974249316749294,True
1,Kp = 200.0,212,Time [s],Liquid Level [%],106.0,54.97530562241184,True
1,Kp = 200.0,213,Time [s],Liquid Level [%],106.5,54.97590354854465,True
1,Kp = 200.0,214,Time [s],Liquid Level [%],107.0,54.976049582543894,True
1,Kp = 200.0,215,Time [s],Liquid Level [%],107.5,54.97575015950057,True
1,Kp = 200.0,216,Time [s],Liquid Level [%],108.0,54.97501166237344,True
1,Kp = 200.0,217,Time [s],Liquid Level [%],108.5,54.97384042216423,True
1,Kp = 200.0,218,Time [s],Liquid Level [%],109.0,54.97224271809489,True
1,Kp = 200.0,219,Time [s],Liquid Level [%],109.5,54.970224777786925,True
1,Kp = 200.0,220,Time [s],Liquid Level [%],110.0,54.96779277744284,True
1,Kp = 200.0,221,Time [s],Liquid Level [%],110.5,54.964952842029525,True
1,Kp = 200.0,222,Time [s],Liquid Level [%],111.0,54.96171104546359,True
1,Kp = 200.0,223,Time [s],Liquid Level [%],111.5,54.958073410798626,True
1,Kp = 200.0,224,Time [s],Liquid Level [%],112.0,54.95404591041429,True
1,Kp = 200.0,225,Time [s],Liquid Level [%],112.5,54.94963446620725,True
1,Kp = 200.0,226,Time [s],Liquid Level [%],113.0,54.944844949783885,True
1,Kp = 200.0,227,Time [s],Liquid Level [%],113.5,54.9396831826547,True
1,Kp = 200.0,228,Time [s],Liquid Level [%],114.0,54.93415493643043,True
1,Kp = 200.0,229,Time [s],Liquid Level [%],114.5,54.92826593301988,True
1,Kp = 200.0,230,Time [s],Liquid Level [%],115.0,54.922021844829196,True
1,Kp = 200.0,231,Time [s],Liquid Level [%],115.5,54.91542829496288,True
1,Kp = 200.0,232,Time [s],Liquid Level [%],116.0,54.90849085742621,True
1,Kp = 200.0,233,Time [s],Liquid Level [%],116.5,54.901215057329225,True
1,Kp = 200.0,234,Time [s],Liquid Level [%],117.0,54.893606371092105,True
1,Kp = 200.0,235,Time [s],Liquid Level [%],117.5,54.885670226651975,True
1,Kp = 200.0,236,Time [s],Liquid Level [%],118.0,54.87741200367107,True
1,Kp = 200.0,237,Time [s],Liquid Level [%],118.5,54.86883703374625,True
1,Kp = 200.0,238,Time [s],Liquid Level [%],119.0,54.859950600619825,True
1,Kp = 200.0,239,Time [s],Liquid Level [%],119.5,54.85075794039154,True
1,Kp = 200.0,240,Time [s],Liquid Level [%],120.0,54.84126424173191,True
1,Kp = 200.0,241,Time [s],Liquid Level [%],120.5,54.83147464609666,True
1,Kp = 200.0,242,Time [s],Liquid Level [%],121.0,54.82139424794229,True
1,Kp = 200.0,243,Time [s],Liquid Level [%],121.5,54.81102809494286,True
1,Kp = 200.0,244,Time [s],Liquid Level [%],122.0,54.8003811882077,True
1,Kp = 200.0,245,Time [s],Liquid Level [%],122.5,54.78945848250032,True
1,Kp = 200.0,246,Time [s],Liquid Level [%],123.0,54.77826488645816,True
1,Kp = 200.0,247,Time [s],Liquid Level [%],123.5,54.7668052628135,True
1,Kp = 200.0,248,Time [s],Liquid Level [%],124.0,54.75508442861512,True
1,Kp = 200.0,249,Time [s],Liquid Level [%],124.5,54.74310715545102,True
1,Kp = 200.0,250,Time [s],Liquid Level [%],125.0,54.73087816967192,True
1,Kp = 200.0,251,Time [s],Liquid Level [%],125.5,54.71840215261563,True
1,Kp = 200.0,252,Time [s],Liquid Level [%],126.0,54.70568374083224,True
1,Kp = 200.0,253,Time [s],Liquid Level [%],126.5,54.692727526310094,True
1,Kp = 200.0,254,Time [s],Liquid Level [%],127.0,54.67953805670245,True
1,Kp = 200.0,255,Time [s],Liquid Level [%],127.5,54.66611983555494,True
1,Kp = 200.0,256,Time [s],Liquid Level [%],128.0,54.65247732253366,True
1,Kp = 200.0,257,Time [s],Liquid Level [%],128.5,54.63861493365394,True
1,Kp = 200.0,258,Time [s],Liquid Level [%],129.0,54.624537041509704,True
1,Kp = 200.0,259,Time [s],Liquid Level [%],129.5,54.610247975503455,True
1,Kp = 200.0,260,Time [s],Liquid Level [%],130.0,54.59575202207687,True
1,Kp = 200.0,261,Time [s],Liquid Level [%],130.5,54.581053424941814,True
1,Kp = 200.0,262,Time [s],Liquid Level [%],131.0,54.56615638531199,True
1,Kp = 200.0,263,Time [s],Liquid Level [%],131.5,54.551065062134995,True
1,Kp = 200.0,264,Time [s],Liquid Level [%],132.0,54.53578357232484,True
1,Kp = 200.0,265,Time [s],Liquid Level [%],132.5,54.52031599099493,True
1,Kp = 200.0,266,Time [s],Liquid Level [%],133.0,54.50466635169141,True
1,Kp = 200.0,267,Time [s],Liquid Level [%],133.5,54.48883864662692,True
1,Kp = 200.0,268,Time [s],Liquid Level [%],134.0,54.47283682691464,True
1,Kp = 200.0,269,Time [s],Liquid Level [%],134.5,54.45666480280272,True
1,Kp = 200.0,270,Time [s],Liquid Level [%],135.0,54.440326443908994,True
1,Kp = 200.0,271,Time [s],Liquid Level [%],135.5,54.42382557945589,True
1,Kp = 200.0,272,Time [s],Liquid Level [%],136.0,54.407165998505704,True
1,Kp = 200.0,273,Time [s],Liquid Level [%],136.5,54.390351450196015,True
1,Kp = 200.0,274,Time [s],Liquid Level [%],137.0,54.37338564397535,True
1,Kp = 200.0,275,Time [s],Liquid Level [%],137.5,54.356272249838945,True
1,Kp = 200.0,276,Time [s],Liquid Level [%],138.0,54.33901489856474,True
1,Kp = 200.0,277,Time [s],Liquid Level [%],138.5,54.32161718194948,True
1,Kp = 200.0,278,Time [s],Liquid Level [%],139.0,54.30408265304486,True
1,Kp = 200.0,279,Time [s],Liquid Level [%],139.5,54.286414826393845,True
1,Kp = 200.0,280,Time [s],Liquid Level [%],140.0,54.268617178267,True
1,Kp = 200.0,281,Time [s],Liquid Level [%],140.5,54.25069314689883,True
1,Kp = 200.0,282,Time [s],Liquid Level [%],141.0,54.23264613272423,True
1,Kp = 200.0,283,Time [s],Liquid Level [%],141.5,54.21447949861478,True
1,Kp = 200.0,284,Time [s],Liquid Level [%],142.0,54.196196570115184,True
1,Kp = 200.0,285,Time [s],Liquid Level [%],142.5,54.17780063567956,True
1,Kp = 200.0,286,Time [s],Liquid Level [%],143.0,54.15929494690766,True
1,Kp = 200.0,287,Time [s],Liquid Level [%],143.5,54.14068271878102,True
1,Kp = 200.0,288,Time [s],Liquid Level [%],144.0,54.121967129899076,True
1,Kp = 200.0,289,Time [s],Liquid Level [%],144.5,54.103151322715014,True
1,Kp = 200.0,290,Time [s],Liquid Level [%],145.0,54.0842384037716,True
1,Kp = 200.0,291,Time [s],Liquid Level [%],145.5,54.06523144393673,True
1,Kp = 200.0,292,Time [s],Liquid Level [%],146.0,54.04613347863895,True
1,Kp = 200.0,293,Time [s],Liquid Level [%],146.5,54.02694750810259,True
1,Kp = 200.0,294,Time [s],Liquid Level [%],147.0,54.007676497582835,True
1,Kp = 200.0,295,Time [s],Liquid Level [%],147.5,53.98832337760048,True
1,Kp = 200.0,296,Time [s],Liquid Level [%],148.0,53.968891044176424,True
1,Kp = 200.0,297,Time [s],Liquid Level [%],148.5,53.94938235906596,True
1,Kp = 200.0,298,Time [s],Liquid Level [%],149.0,53.929800149992666,True
1,Kp = 200.0,299,Time [s],Liquid Level [%],149.5,53.91014721088211,True
1,Kp = 200.0,300,Time [s],Liquid Level [%],150.0,53.89042630209514,True
1,Kp = 200.0,301,Time [s],Liquid Level [%],150.5,53.87064015066089,True
1,Kp = 200.0,302,Time [s],Liquid Level [%],151.0,53.85079145050939,True
1,Kp = 200.0,303,Time [s],Liquid Level [%],151.5,53.83088286270387,True
1,Kp = 200.0,304,Time [s],Liquid Level [%],152.0,53.81091701567258,True
1,Kp = 200.0,305,Time [s],Liquid Level [%],152.5,53.7908965054403,True
1,Kp = 200.0,306,Time [s],Liquid Level [%],153.0,53.77082389585941,True
1,Kp = 200.0,307,Time [s],Liquid Level [%],153.5,53.75070171884049,True
1,Kp = 200.0,308,Time [s],Liquid Level [%],154.0,53.7305324745825,True
1,Kp = 200.0,309,Time [s],Liquid Level [%],154.5,53.71031863180256,True
1,Kp = 200.0,310,Time [s],Liquid Level [%],155.0,53.690062627965126,True
1,Kp = 200.0,311,Time [s],Liquid Level [%],155.5,53.66976686951082,True
1,Kp = 200.0,312,Time [s],Liquid Level [%],156.0,53.64943373208466,True
1,Kp = 200.0,313,Time [s],Liquid Level [%],156.5,53.62906556076382,True
1,Kp = 200.0,314,Time [s],Liquid Level [%],157.0,53.60866467028485,True
1,Kp = 200.0,315,Time [s],Liquid Level [%],157.5,53.58823334527041,True
1,Kp = 200.0,316,Time [s],Liquid Level [%],158.0,53.567773840455324,True
1,Kp = 200.0,317,Time [s],Liquid Level [%],158.5,53.54728838091221,True
1,Kp = 200.0,318,Time [s],Liquid Level [%],159.0,53.52677916227647,True
1,Kp = 200.0,319,Time [s],Liquid Level [%],159.5,53.5062483509707,True
1,Kp = 200.0,320,Time [s],Liquid Level [%],160.0,53.48569808442847,True
1,Kp = 200.0,321,Time [s],Liquid Level [%],160.5,53.46513047131756,True
1,Kp = 200.0,322,Time [s],Liquid Level [%],161.0,53.444547591762515,True
1,Kp = 200.0,323,Time [s],Liquid Level [%],161.5,53.423951497566605,True
1,Kp = 200.0,324,Time [s],Liquid Level [%],162.0,53.403344212433105,True
1,Kp = 200.0,325,Time [s],Liquid Level [%],162.5,53.38272773218596,True
1,Kp = 200.0,326,Time [s],Liquid Level [%],163.0,53.362104024989776,True
1,Kp = 200.0,327,Time [s],Liquid Level [%],163.5,53.3414750315691,True
1,Kp = 200.0,328,Time [s],Liquid Level [%],164.0,53.32084266542706,True
1,Kp = 200.0,329,Time [s],Liquid Level [%],164.5,53.3002088130633,True
1,Kp = 200.0,330,Time [s],Liquid Level [%],165.0,53.2795753341912,True
1,Kp = 200.0,331,Time [s],Liquid Level [%],165.5,53.258944061954374,True
1,Kp = 200.0,332,Time [s],Liquid Level [%],166.0,53.238316803142496,True
1,Kp = 200.0,333,Time [s],Liquid Level [%],166.5,53.21769533840634,True
1,Kp = 200.0,334,Time [s],Liquid Level [%],167.0,53.19708142247207,True
1,Kp = 200.0,335,Time [s],Liquid Level [%],167.5,53.17647678435489,True
1,Kp = 200.0,336,Time [s],Liquid Level [%],168.0,53.15588312757178,True
1,Kp = 200.0,337,Time [s],Liquid Level [%],168.5,53.13530213035358,True
1,Kp = 200.0,338,Time [s],Liquid Level [%],169.0,53.11473544585629,True
1,Kp = 200.0,339,Time [s],Liquid Level [%],169.5,53.09418470237153,True
1,Kp = 200.0,340,Time [s],Liquid Level [%],170.0,53.073651503536254,True
1,Kp = 200.0,341,Time [s],Liquid Level [%],170.5,53.05313742854171,True
1,Kp = 200.0,342,Time [s],Liquid Level [%],171.0,53.03264403234148,True
1,Kp = 200.0,343,Time [s],Liquid Level [%],171.5,53.01217284585883,True
1,Kp = 200.0,344,Time [s],Liquid Level [%],172.0,52.99172537619319,True
1,Kp = 200.0,345,Time [s],Liquid Level [%],172.5,52.971303106825786,True
1,Kp = 200.0,346,Time [s],Liquid Level [%],173.0,52.950907497824495,True
1,Kp = 200.0,347,Time [s],Liquid Level [%],173.5,52.930539986047854,True
1,Kp = 200.0,348,Time [s],Liquid Level [%],174.0,52.91020198534817,True
1,Kp = 200.0,349,Time [s],Liquid Level [%],174.5,52.889894886773845,True
1,Kp = 200.0,350,Time [s],Liquid Level [%],175.0,52.86962005877083,True
1,Kp = 200.0,351,Time [s],Liquid Level [%],175.5,52.849378847383186,True
1,Kp = 200.0,352,Time [s],Liquid Level [%],176.0,52.82917257645284,True
1,Kp = 200.0,353,Time [s],Liquid Level [%],176.5,52.80900254781841,True
1,Kp = 200.0,354,Time [s],Liquid Level [%],177.0,52.78887004151317,True
1,Kp = 200.0,355,Time [s],Liquid Level [%],177.5,52.768776315962164,True
1,Kp = 200.0,356,Time [s],Liquid Level [%],178.0,52.74872260817839,True
1,Kp = 200.0,357,Time [s],Liquid Level [%],178.5,52.72871013395811,True
1,Kp = 200.0,358,Time [s],Liquid Level [%],179.0,52.70874008807531,True
1,Kp = 200.0,359,Time [s],Liquid Level [%],179.5,52.68881364447513,True
1,Kp = 200.0,360,Time [s],Liquid Level [%],180.0,52.668931956466544,True
1,Kp = 200.0,361,Time [s],Liquid Level [%],180.5,52.64909615691404,True
1,Kp = 200.0,362,Time [s],Liquid Level [%],181.0,52.62930735842839,True
1,Kp = 200.0,363,Time [s],Liquid Level [%],181.5,52.60956665355651,True
1,Kp = 200.0,364,Time [s],Liquid Level [%],182.0,52.589875114970475,True
1,Kp = 200.0,365,Time [s],Liquid Level [%],182.5,52.57023379565542,True
1,Kp = 200.0,366,Time [s],Liquid Level [%],183.0,52.550643729096734,True
1,Kp = 200.0,367,Time [s],Liquid Level [%],183.5,52.53110592946618,True
1,Kp = 200.0,368,Time [s],Liquid Level [%],184.0,52.511621391807125,True
1,Kp = 200.0,369,Time [s],Liquid Level [%],184.5,52.49219109221883,True
1,Kp = 200.0,370,Time [s],Liquid Level [%],185.0,52.47281598803978,True
1,Kp = 200.0,371,Time [s],Liquid Level [%],185.5,52.453497018030085,True
1,Kp = 200.0,372,Time [s],Liquid Level [%],186.0,52.43423510255294,True
1,Kp = 200.0,373,Time [s],Liquid Level [%],186.5,52.415031143755144,True
1,Kp = 200.0,374,Time [s],Liquid Level [%],187.0,52.395886025746606,True
1,Kp = 200.0,375,Time [s],Liquid Level [%],187.5,52.376800614778986,True
1,Kp = 200.0,376,Time [s],Liquid Level [%],188.0,52.3577757594233,True
1,Kp = 200.0,377,Time [s],Liquid Level [%],188.5,52.33881229074662,True
1,Kp = 200.0,378,Time [s],Liquid Level [%],189.0,52.31991102248775,True
1,Kp = 200.0,379,Time [s],Liquid Level [%],189.5,52.301072751232056,True
1,Kp = 200.0,380,Time [s],Liquid Level [%],190.0,52.28229825658518,True
1,Kp = 200.0,381,Time [s],Liquid Level [%],190.5,52.263588301345884,True
1,Kp = 200.0,382,Time [s],Liquid Level [%],191.0,52.244943631677934,True
1,Kp = 200.0,383,Time [s],Liquid Level [%],191.5,52.226364977280916,True
1,Kp = 200.0,384,Time [s],Liquid Level [%],192.0,52.20785305156023,True
1,Kp = 200.0,385,Time [s],Liquid Level [%],192.5,52.18940855179596,True
1,Kp = 200.0,386,Time [s],Liquid Level [%],193.0,52.17103215931088,True
1,Kp = 200.0,387,Time [s],Liquid Level [%],193.5,52.15272453963743,True
1,Kp = 200.0,388,Time [s],Liquid Level [%],194.0,52.134486342683715,True
1,Kp = 200.0,389,Time [s],Liquid Level [%],194.5,52.11631820289858,True
1,Kp = 200.0,390,Time [s],Liquid Level [%],195.0,52.09822073943563,True
1,Kp = 200.0,391,Time [s],Liquid Level [%],195.5,52.08019455631634,True
1,Kp = 200.0,392,Time [s],Liquid Level [%],196.0,52.06224024259214,True
1,Kp = 200.0,393,Time [s],Liquid Level [%],196.5,52.04435837250556,True
1,Kp = 200.0,394,Time [s],Liquid Level [%],197.0,52.02654950565035,True
1,Kp = 200.0,395,Time [s],Liquid Level [%],197.5,52.00881418713067,True
1,Kp = 200.0,396,Time [s],Liquid Level [%],198.0,51.99115294771923,True
1,Kp = 200.0,397,Time [s],Liquid Level [%],198.5,51.973566304014554,True
1,Kp = 200.0,398,Time [s],Liquid Level [%],199.0,51.95605475859716,True
1,Kp = 200.0,399,Time [s],Liquid Level [%],199.5,51.93861880018482,True
1,Kp = 200.0,400,Time [s],Liquid Level [%],200.0,51.92125890378683,True
1,Kp = 200.0,401,Time [s],Liquid Level [%],200.5,51.90397553085726,True
1,Kp = 200.0,402,Time [s],Liquid Level [%],201.0,51.886769129447316,True
1,Kp = 200.0,403,Time [s],Liquid Level [%],201.5,51.86964013435662,True
1,Kp = 200.0,404,Time [s],Liquid Level [%],202.0,51.852588967283566,True
1,Kp = 200.0,405,Time [s],Liquid Level [%],202.5,51.8356160369747,True
1,Kp = 200.0,406,Time [s],Liquid Level [%],203.0,51.818721739373096,True
1,Kp = 200.0,407,Time [s],Liquid Level [%],203.5,51.80190645776579,True
1,Kp = 200.0,408,Time [s],Liquid Level [%],204.0,51.785170562930205,True
1,Kp = 200.0,409,Time [s],Liquid Level [%],204.5,51.76851441327962,True
1,Kp = 200.0,410,Time [s],Liquid Level [%],205.0,51.75193835500767,True
1,Kp = 200.0,411,Time [s],Liquid Level [%],205.5,51.73544272223183,True
1,Kp = 200.0,412,Time [s],Liquid Level [%],206.0,51.719027837136,True
1,Kp = 200.0,413,Time [s],Liquid Level [%],206.5,51.70269401011206,True
1,Kp = 200.0,414,Time [s],Liquid Level [%],207.0,51.686441539900486,True
1,Kp = 200.0,415,Time [s],Liquid Level [%],207.5,51.67027071372997,True
1,Kp = 200.0,416,Time [s],Liquid Level [%],208.0,51.65418180745611,True
1,Kp = 200.0,417,Time [s],Liquid Level [%],208.5,51.6381750856991,True
1,Kp = 200.0,418,Time [s],Liquid Level [%],209.0,51.622250801980464,True
1,Kp = 200.0,419,Time [s],Liquid Level [%],209.5,51.60640919885887,True
1,Kp = 200.0,420,Time [s],Liquid Level [%],210.0,51.59065050806492,True
1,Kp = 200.0,421,Time [s],Liquid Level [%],210.5,51.574974950635,True
1,Kp = 200.0,422,Time [s],Liquid Level [%],211.0,51.55938273704421,True
1,Kp = 200.0,423,Time [s],Liquid Level [%],211.5,51.543874067338315,True
1,Kp = 200.0,424,Time [s],Liquid Level [%],212.0,51.528449131264686,True
1,Kp = 200.0,425,Time [s],Liquid Level [%],212.5,51.51310810840239,True
1,Kp = 200.0,426,Time [s],Liquid Level [%],213.0,51.4978511682913,True
1,Kp = 200.0,427,Time [s],Liquid Level [%],213.5,51.48267847056015,True
1,Kp = 200.0,428,Time [s],Liquid Level [%],214.0,51.46759016505384,True
1,Kp = 200.0,429,Time [s],Liquid Level [%],214.5,51.452586391959656,True
1,Kp = 200.0,430,Time [s],Liquid Level [%],215.0,51.437667281932505,True
1,Kp = 200.0,431,Time [s],Liquid Level [%],215.5,51.422832956219445,True
1,Kp = 200.0,432,Time [s],Liquid Level [%],216.0,51.408083526782974,True
1,Kp = 200.0,433,Time [s],Liquid Level [%],216.5,51.39341909642364,True
1,Kp = 200.0,434,Time [s],Liquid Level [%],217.0,51.37883975890157,True
1,Kp = 200.0,435,Time [s],Liquid Level [%],217.5,51.3643455990571,True
1,Kp = 200.0,436,Time [s],Liquid Level [%],218.0,51.34993669293054,True
1,Kp = 200.0,437,Time [s],Liquid Level [%],218.5,51.33561310788093,True
1,Kp = 200.0,438,Time [s],Liquid Level [%],219.0,51.32137490270391,True
1,Kp = 200.0,439,Time [s],Liquid Level [%],219.5,51.30722212774871,True
1,Kp = 200.0,440,Time [s],Liquid Level [%],220.0,51.29315482503415,True
1,Kp = 200.0,441,Time [s],Liquid Level [%],220.5,51.279173028363786,True
1,Kp = 200.0,442,Time [s],Liquid Level [%],221.0,51.26527676344011,True
1,Kp = 200.0,443,Time [s],Liquid Level [%],221.5,51.25146604797786,True
1,Kp = 200.0,444,Time [s],Liquid Level [%],222.0,51.23774089181641,True
1,Kp = 200.0,445,Time [s],Liquid Level [%],222.5,51.224101297031275,True
1,Kp = 200.0,446,Time [s],Liquid Level [%],223.0,51.210547258044734,True
1,Kp = 200.0,447,Time [s],Liquid Level [%],223.5,51.19707876173549,True
1,Kp = 200.0,448,Time [s],Liquid Level [%],224.0,51.183695787547514,True
1,Kp = 200.0,449,Time [s],Liquid Level [%],224.5,51.17039830759792,True
1,Kp = 200.0,450,Time [s],Liquid Level [%],225.0,51.15718628678404,True
1,Kp = 200.0,451,Time [s],Liquid Level [%],225.5,51.144059682889576,True
1,Kp = 200.0,452,Time [s],Liquid Level [%],226.0,51.131018446689815,True
1,Kp = 200.0,453,Time [s],Liquid Level [%],226.5,51.118062522056064,True
1,Kp = 200.0,454,Time [s],Liquid Level [%],227.0,51.105191846059164,True
1,Kp = 200.0,455,Time [s],Liquid Level [%],227.5,51.09240634907211,True
1,Kp = 200.0,456,Time [s],Liquid Level [%],228.0,51.07970595487183,True
1,Kp = 200.0,457,Time [s],Liquid Level [%],228.5,51.06709058074013,True
1,Kp = 200.0,458,Time [s],Liquid Level [%],229.0,51.0545601375637,True
1,Kp = 200.0,459,Time [s],Liquid Level [%],229.5,51.042114529933336,True
1,Kp = 200.0,460,Time [s],Liquid Level [%],230.0,51.029753656242264,True
1,Kp = 200.0,461,Time [s],Liquid Level [%],230.5,51.01747740878363,True
1,Kp = 200.0,462,Time [s],Liquid Level [%],231.0,51.005285673847155,True
1,Kp = 200.0,463,Time [s],Liquid Level [%],231.5,50.9931783318149,True
1,Kp = 200.0,464,Time [s],Liquid Level [%],232.0,50.98115525725626,True
1,Kp = 200.0,465,Time [s],Liquid Level [%],232.5,50.969216319022024,True
1,Kp = 200.0,466,Time [s],Liquid Level [%],233.0,50.95736138033773,True
1,Kp = 200.0,467,Time [s],Liquid Level [%],233.5,50.94559029889606,True
1,Kp = 200.0,468,Time [s],Liquid Level [%],234.0,50.93390292694851,True
1,Kp = 200.0,469,Time [s],Liquid Level [%],234.5,50.922299111396185,True
1,Kp = 200.0,470,Time [s],Liquid Level [%],235.0,50.910778693879756,True
1,Kp = 200.0,471,Time [s],Liquid Level [%],235.5,50.899341510868666,True
1,Kp = 200.0,472,Time [s],Liquid Level [%],236.0,50.88798739374949,True
1,Kp = 200.0,473,Time [s],Liquid Level [%],236.5,50.876716168913475,True
1,Kp = 200.0,474,Time [s],Liquid Level [%],237.0,50.86552765784326,True
1,Kp = 200.0,475,Time [s],Liquid Level [%],237.5,50.85442167719889,True
1,Kp = 200.0,476,Time [s],Liquid Level [%],238.0,50.84339803890291,True
1,Kp = 200.0,477,Time [s],Liquid Level [%],238.5,50.83245655022475,True
1,Kp = 200.0,478,Time [s],Liquid Level [%],239.0,50.82159701386427,True
1,Kp = 200.0,479,Time [s],Liquid Level [%],239.5,50.810819228034575,True
1,Kp = 200.0,480,Time [s],Liquid Level [%],240.0,50.800122986544,True
1,Kp = 200.0,481,Time [s],Liquid Level [%],240.5,50.78950807887731,True
1,Kp = 200.0,482,Time [s],Liquid Level [%],241.0,50.7789742902762,True
1,Kp = 200.0,483,Time [s],Liquid Level [%],241.5,50.768521401818944,True
1,Kp = 200.0,484,Time [s],Liquid Level [%],242.0,50.75814919049931,True
1,Kp = 200.0,485,Time [s],Liquid Level [%],242.5,50.74785742930472,True
1,Kp = 200.0,486,Time [s],Liquid Level [%],243.0,50.737645887293645,True
1,Kp = 200.0,487,Time [s],Liquid Level [%],243.5,50.72751432967225,True
1,Kp = 200.0,488,Time [s],Liquid Level [%],244.0,50.71746251787026,True
1,Kp = 200.0,489,Time [s],Liquid Level [%],244.5,50.70749020961611,True
1,Kp = 200.0,490,Time [s],Liquid Level [%],245.0,50.6975971590114,True
1,Kp = 200.0,491,Time [s],Liquid Level [%],245.5,50.68778311660446,True
1,Kp = 200.0,492,Time [s],Liquid Level [%],246.0,50.67804782946336,True
1,Kp = 200.0,493,Time [s],Liquid Level [%],246.5,50.668391041248064,True
1,Kp = 200.0,494,Time [s],Liquid Level [%],247.0,50.658812492281925,True
1,Kp = 200.0,495,Time [s],Liquid Level [%],247.5,50.64931191962242,True
1,Kp = 200.0,496,Time [s],Liquid Level [%],248.0,50.63988905713117,True
1,Kp = 200.0,497,Time [s],Liquid Level [%],248.5,50.63054363554329,True
1,Kp = 200.0,498,Time [s],Liquid Level [%],249.0,50.621275382535934,True
1,Kp = 200.0,499,Time [s],Liquid Level [%],249.5,50.612084022796274,True
1,Kp = 200.0,500,Time [s],Liquid Level [%],250.0,50.602969278088615,True
1,Kp = 200.0,501,Time [s],Liquid Level [%],250.5,50.59393086732095,True
1,Kp = 200.0,502,Time [s],Liquid Level [%],251.0,50.58496850661073,True
1,Kp = 200.0,503,Time [s],Liquid Level [%],251.5,50.57608190935,True
1,Kp = 200.0,504,Time [s],Liquid Level [%],252.0,50.567270786269816,True
1,Kp = 200.0,505,Time [s],Liquid Level [%],252.5,50.558534845503964,True
1,Kp = 200.0,506,Time [s],Liquid Level [%],253.0,50.549873792652086,True
1,Kp = 200.0,507,Time [s],Liquid Level [%],253.5,50.541287330842025,True
1,Kp = 200.0,508,Time [s],Liquid Level [%],254.0,50.53277516079152,True
1,Kp = 200.0,509,Time [s],Liquid Level [%],254.5,50.52433698086934,True
1,Kp = 200.0,510,Time [s],Liquid Level [%],255.0,50.51597248715565,True
1,Kp = 200.0,511,Time [s],Liquid Level [%],255.5,50.50768137350169,True
1,Kp = 200.0,512,Time [s],Liquid Level [%],256.0,50.499463331588935,True
1,Kp = 200.0,513,Time [s],Liquid Level [%],256.5,50.49131805098747,True
1,Kp = 200.0,514,Time [s],Liquid Level [%],257.0,50.483245219213856,True
1,Kp = 200.0,515,Time [s],Liquid Level [%],257.5,50.475244521788156,True
1,Kp = 200.0,516,Time [s],Liquid Level [%],258.0,50.467315642290544,True
1,Kp = 200.0,517,Time [s],Liquid Level [%],258.5,50.45945826241714,True
1,Kp = 200.0,518,Time [s],Liquid Level [%],259.0,50.45167206203524,True
1,Kp = 200.0,519,Time [s],Liquid Level [%],259.5,50.44395671923802,True
1,Kp = 200.0,520,Time [s],Liquid Level [%],260.0,50.436311910398366,True
1,Kp = 200.0,521,Time [s],Liquid Level [%],260.5,50.42873731022245,True
1,Kp = 200.0,522,Time [s],Liquid Level [%],261.0,50.421232591802365,True
1,Kp = 200.0,523,Time [s],Liquid Level [%],261.5,50.413797426668324,True
1,Kp = 200.0,524,Time [s],Liquid Level [%],262.0,50.40643148484024,True
1,Kp = 200.0,525,Time [s],Liquid Level [%],262.5,50.399134434878626,True
1,Kp = 200.0,526,Time [s],Liquid Level [%],263.0,50.39190594393499,True
1,Kp = 200.0,527,Time [s],Liquid Level [%],263.5,50.38474567780159,True
1,Kp = 200.0,528,Time [s],Liquid Level [%],264.0,50.3776533009606,True
1,Kp = 200.0,529,Time [s],Liquid Level [%],264.5,50.37062847663272,True
1,Kp = 200.0,530,Time [s],Liquid Level [%],265.0,50.363670866825125,True
1,Kp = 200.0,531,Time [s],Liquid Level [%],265.5,50.35678013237899,True
1,Kp = 200.0,532,Time [s],Liquid Level [%],266.0,50.349955933016254,True
1,Kp = 200.0,533,Time [s],Liquid Level [%],266.5,50.34319792738597,True
1,Kp = 200.0,534,Time [s],Liquid Level [%],267.0,50.33650577311002,True
1,Kp = 200.0,535,Time [s],Liquid Level [%],267.5,50.329879126828246,True
1,Kp = 200.0,536,Time [s],Liquid Level [%],268.0,50.32331764424309,True
1,Kp = 200.0,537,Time [s],Liquid Level [%],268.5,50.31682098016365,True
1,Kp = 200.0,538,Time [s],Liquid Level [%],269.0,50.31038878854914,True
1,Kp = 200.0,539,Time [s],Liquid Level [%],269.5,50.30402072255191,True
1,Kp = 200.0,540,Time [s],Liquid Level [%],270.0,50.297716434559824,True
1,Kp = 200.0,541,Time [s],Liquid Level [%],270.5,50.291475576238156,True
1,Kp = 200.0,542,Time [s],Liquid Level [%],271.0,50.285297798570916,True
1,Kp = 200.0,543,Time [s],Liquid Level [%],271.5,50.27918275190171,True
1,Kp = 200.0,544,Time [s],Liquid Level [%],272.0,50.273130085973996,True
1,Kp = 200.0,545,Time [s],Liquid Level [%],272.5,50.26713944997086,True
1,Kp = 200.0,546,Time [s],Liquid Level [%],273.0,50.26121049255432,True
1,Kp = 200.0,547,Time [s],Liquid Level [%],273.5,50.25534286190398,True
1,Kp = 200.0,548,Time [s],Liquid Level [%],274.0,50.24953620575533,True
1,Kp = 200.0,549,Time [s],Liquid Level [%],274.5,50.24379017143744,True
1,Kp = 200.0,550,Time [s],Liquid Level [%],275.0,50.2381044059102,True
1,Kp = 200.0,551,Time [s],Liquid Level [%],275.5,50.232478555801016,True
1,Kp = 200.0,552,Time [s],Liquid Level [%],276.0,50.226912267441094,True
1,Kp = 200.0,553,Time [s],Liquid Level [%],276.5,50.221405186901094,True
1,Kp = 200.0,554,Time [s],Liquid Level [%],277.0,50.21595696002647,True
1,Kp = 200.0,555,Time [s],Liquid Level [%],277.5,50.210567232472194,True
1,Kp = 200.0,556,Time [s],Liquid Level [%],278.0,50.20523564973705,True
1,Kp = 200.0,557,Time [s],Liquid Level [%],278.5,50.19996185719745,True
1,Kp = 200.0,558,Time [s],Liquid Level [%],279.0,50.19474550014079,True
1,Kp = 200.0,559,Time [s],Liquid Level [%],279.5,50.18958622379833,True
1,Kp = 200.0,560,Time [s],Liquid Level [%],280.0,50.184483673377564,True
1,Kp = 200.0,561,Time [s],Liquid Level [%],280.5,50.179437494094216,True
1,Kp = 200.0,562,Time [s],Liquid Level [%],281.0,50.17444733120372,True
1,Kp = 200.0,563,Time [s],Liquid Level [%],281.5,50.16951283003226,True
1,Kp = 200.0,564,Time [s],Liquid Level [%],282.0,50.16463363600735,True
1,Kp = 200.0,565,Time [s],Liquid Level [%],282.5,50.15980939468802,True
1,Kp = 200.0,566,Time [s],Liquid Level [%],283.0,50.15503975179446,True
1,Kp = 200.0,567,Time [s],Liquid Level [%],283.5,50.15032435323735,True
1,Kp = 200.0,568,Time [s],Liquid Level [%],284.0,50.14566284514667,True
1,Kp = 200.0,569,Time [s],Liquid Level [%],284.5,50.141054873900046,True
1,Kp = 200.0,570,Time [s],Liquid Level [%],285.0,50.13650008615084,True
1,Kp = 200.0,571,Time [s],Liquid Level [%],285.5,50.13199812885557,True
1,Kp = 200.0,572,Time [s],Liquid Level [%],286.0,50.12754864930115,True
1,Kp = 200.0,573,Time [s],Liquid Level [%],286.5,50.12315129513152,True
1,Kp = 200.0,574,Time [s],Liquid Level [%],287.0,50.118805714374005,True
1,Kp = 200.0,575,Time [s],Liquid Level [%],287.5,50.11451155546518,True
1,Kp = 200.0,576,Time [s],Liquid Level [%],288.0,50.11026846727636,True
1,Kp = 200.0,577,Time [s],Liquid Level [%],288.5,50.10607609913868,True
1,Kp = 200.0,578,Time [s],Liquid Level [%],289.0,50.10193410086779,True
1,Kp = 200.0,579,Time [s],Liquid Level [%],289.5,50.097842122788094,True
1,Kp = 200.0,580,Time [s],Liquid Level [%],290.0,50.093799815756746,True
1,Kp = 200.0,581,Time [s],Liquid Level [%],290.5,50.08980683118705,True
1,Kp = 200.0,582,Time [s],Liquid Level [%],291.0,50.08586282107166,True
1,Kp = 200.0,583,Time [s],Liquid Level [%],291.5,50.08196743800528,True
1,Kp = 200.0,584,Time [s],Liquid Level [%],292.0,50.078120335207046,True
1,Kp = 200.0,585,Time [s],Liquid Level [%],292.5,50.074321166542504,True
1,Kp = 200.0,586,Time [s],Liquid Level [%],293.0,50.07056958654525,True
1,Kp = 200.0,587,Time [s],Liquid Level [%],293.5,50.06686525043812,True
1,Kp = 200.0,588,Time [s],Liquid Level [%],294.0,50.063207814154175,True
1,Kp = 200.0,589,Time [s],Liquid Level [%],294.5,50.05959693435713,True
1,Kp = 200.0,590,Time [s],Liquid Level [%],295.0,50.05603226846156,True
1,Kp = 200.0,591,Time [s],Liquid Level [%],295.5,50.05251347465269,True
1,Kp = 200.0,592,Time [s],Liquid Level [%],296.0,50.04904021190592,True
1,Kp = 200.0,593,Time [s],Liquid Level [%],296.5,50.04561214000584,True
1,Kp = 200.0,594,Time [s],Liquid Level [%],297.0,50.042228919565055,True
1,Kp = 200.0,595,Time [s],Liquid Level [%],297.5,50.03889021204262,True
1,Kp = 200.0,596,Time [s],Liquid Level [%],298.0,50.03559567976208,True
1,Kp = 200.0,597,Time [s],Liquid Level [%],298.5,50.03234498592926,True
1,Kp = 200.0,598,Time [s],Liquid Level [%],299.0,50.02913779464966,True
1,Kp = 200.0,599,Time [s],Liquid Level [%],299.5,50.025973770945576,True
1,Kp = 500.0,0,Time [s],Liquid Level [%],0.0,50.0,True
1,Kp = 500.0,1,Time [s],Liquid Level [%],0.5,50.0,True
1,Kp = 500.0,2,Time [s],Liquid Level [%],1.0,50.0,True
1,Kp = 500.0,3,Time [s],Liquid Level [%],1.5,50.0,True
1,Kp = 500.0,4,Time [s],Liquid Level [%],2.0,50.0,True
1,Kp = 500.0,5,Time [s],Liquid Level [%],2.5,50.0,True
1,Kp = 500.0,6,Time [s],Liquid Level [%],3.0,50.0,True
1,Kp = 500.0,7,Time [s],Liquid Level [%],3.5,50.0,True
1,Kp = 500.0,8,Time [s],Liquid Level [%],4.0,50.0,True
1,Kp = 500.0,9,Time [s],Liquid Level [%],4.5,50.0,True
1,Kp = 500.0,10,Time [s],Liquid Level [%],5.0,50.0,True
1,Kp = 500.0,11,Time [s],Liquid Level [%],5.5,50.0,True
1,Kp = 500.0,12,Time [s],Liquid Level [%],6.0,50.0,True
1,Kp = 500.0,13,Time [s],Liquid Level [%],6.5,50.0,True
1,Kp = 500.0,14,Time [s],Liquid Level [%],7.0,50.0,True
1,Kp = 500.0,15,Time [s],Liquid Level [%],7.5,50.0,True
1,Kp = 500.0,16,Time [s],Liquid Level [%],8.0,50.0,True
1,Kp = 500.0,17,Time [s],Liquid Level [%],8.5,50.0,True
1,Kp = 500.0,18,Time [s],Liquid Level [%],9.0,50.0,True
1,Kp = 500.0,19,Time [s],Liquid Level [%],9.5,50.0,True
1,Kp = 500.0,20,Time [s],Liquid Level [%],10.0,50.0,True
1,Kp = 500.0,21,Time [s],Liquid Level [%],10.5,50.0,True
1,Kp = 500.0,22,Time [s],Liquid Level [%],11.0,50.0,True
1,Kp = 500.0,23,Time [s],Liquid Level [%],11.5,50.0,True
1,Kp = 500.0,24,Time [s],Liquid Level [%],12.0,50.0,True
1,Kp = 500.0,25,Time [s],Liquid Level [%],12.5,50.0,True
1,Kp = 500.0,26,Time [s],Liquid Level [%],13.0,50.0,True
1,Kp = 500.0,27,Time [s],Liquid Level [%],13.5,50.0,True
1,Kp = 500.0,28,Time [s],Liquid Level [%],14.0,50.0,True
1,Kp = 500.0,29,Time [s],Liquid Level [%],14.5,50.0,True
1,Kp = 500.0,30,Time [s],Liquid Level [%],15.0,50.0,True
1,Kp = 500.0,31,Time [s],Liquid Level [%],15.5,50.0,True
1,Kp = 500.0,32,Time [s],Liquid Level [%],16.0,50.0,True
1,Kp = 500.0,33,Time [s],Liquid Level [%],16.5,50.0,True
1,Kp = 500.0,34,Time [s],Liquid Level [%],17.0,50.0,True
1,Kp = 500.0,35,Time [s],Liquid Level [%],17.5,50.0,True
1,Kp = 500.0,36,Time [s],Liquid Level [%],18.0,50.0,True
1,Kp = 500.0,37,Time [s],Liquid Level [%],18.5,50.0,True
1,Kp = 500.0,38,Time [s],Liquid Level [%],19.0,50.0,True
1,Kp = 500.0,39,Time [s],Liquid Level [%],19.5,50.0,True
1,Kp = 500.0,40,Time [s],Liquid Level [%],20.0,50.0,True
1,Kp = 500.0,41,Time [s],Liquid Level [%],20.5,50.0,True
1,Kp = 500.0,42,Time [s],Liquid Level [%],21.0,50.0,True
1,Kp = 500.0,43,Time [s],Liquid Level [%],21.5,50.0,True
1,Kp = 500.0,44,Time [s],Liquid Level [%],22.0,50.0,True
1,Kp = 500.0,45,Time [s],Liquid Level [%],22.5,50.0,True
1,Kp = 500.0,46,Time [s],Liquid Level [%],23.0,50.0,True
1,Kp = 500.0,47,Time [s],Liquid Level [%],23.5,50.0,True
1,Kp = 500.0,48,Time [s],Liquid Level [%],24.0,50.0,True
1,Kp = 500.0,49,Time [s],Liquid Level [%],24.5,50.0,True
1,Kp = 500.0,50,Time [s],Liquid Level [%],25.0,50.0,True
1,Kp = 500.0,51,Time [s],Liquid Level [%],25.5,50.0,True
1,Kp = 500.0,52,Time [s],Liquid Level [%],26.0,50.0,True
1,Kp = 500.0,53,Time [s],Liquid Level [%],26.5,50.0,True
1,Kp = 500.0,54,Time [s],Liquid Level [%],27.0,50.0,True
1,Kp = 500.0,55,Time [s],Liquid Level [%],27.5,50.0,True
1,Kp = 500.0,56,Time [s],Liquid Level [%],28.0,50.0,True
1,Kp = 500.0,57,Time [s],Liquid Level [%],28.5,50.0,True
1,Kp = 500.0,58,Time [s],Liquid Level [%],29.0,50.0,True
1,Kp = 500.0,59,Time [s],Liquid Level [%],29.5,50.0,True
1,Kp = 500.0,60,Time [s],Liquid Level [%],30.0,50.0,True
1,Kp = 500.0,61,Time [s],Liquid Level [%],30.5,50.0,True
1,Kp = 500.0,62,Time [s],Liquid Level [%],31.0,50.0,True
1,Kp = 500.0,63,Time [s],Liquid Level [%],31.5,50.0,True
1,Kp = 500.0,64,Time [s],Liquid Level [%],32.0,50.0,True
1,Kp = 500.0,65,Time [s],Liquid Level [%],32.5,50.0,True
1,Kp = 500.0,66,Time [s],Liquid Level [%],33.0,50.0,True
1,Kp = 500.0,67,Time [s],Liquid Level [%],33.5,50.0,True
1,Kp = 500.0,68,Time [s],Liquid Level [%],34.0,50.0,True
1,Kp = 500.0,69,Time [s],Liquid Level [%],34.5,50.0,True
1,Kp = 500.0,70,Time [s],Liquid Level [%],35.0,50.0,True
1,Kp = 500.0,71,Time [s],Liquid Level [%],35.5,50.0,True
1,Kp = 500.0,72,Time [s],Liquid Level [%],36.0,50.0,True
1,Kp = 500.0,73,Time [s],Liquid Level [%],36.5,50.0,True
1,Kp = 500.0,74,Time [s],Liquid Level [%],37.0,50.0,True
1,Kp = 500.0,75,Time [s],Liquid Level [%],37.5,50.0,True
1,Kp = 500.0,76,Time [s],Liquid Level [%],38.0,50.0,True
1,Kp = 500.0,77,Time [s],Liquid Level [%],38.5,50.0,True
1,Kp = 500.0,78,Time [s],Liquid Level [%],39.0,50.0,True
1,Kp = 500.0,79,Time [s],Liquid Level [%],39.5,50.0,True
1,Kp = 500.0,80,Time [s],Liquid Level [%],40.0,50.0,True
1,Kp = 500.0,81,Time [s],Liquid Level [%],40.5,50.0,True
1,Kp = 500.0,82,Time [s],Liquid Level [%],41.0,50.0,True
1,Kp = 500.0,83,Time [s],Liquid Level [%],41.5,50.0,True
1,Kp = 500.0,84,Time [s],Liquid Level [%],42.0,50.0,True
1,Kp = 500.0,85,Time [s],Liquid Level [%],42.5,50.0,True
1,Kp = 500.0,86,Time [s],Liquid Level [%],43.0,50.0,True
1,Kp = 500.0,87,Time [s],Liquid Level [%],43.5,50.0,True
1,Kp = 500.0,88,Time [s],Liquid Level [%],44.0,50.0,True
1,Kp = 500.0,89,Time [s],Liquid Level [%],44.5,50.0,True
1,Kp = 500.0,90,Time [s],Liquid Level [%],45.0,50.0,True
1,Kp = 500.0,91,Time [s],Liquid Level [%],45.5,50.0,True
1,Kp = 500.0,92,Time [s],Liquid Level [%],46.0,50.0,True
1,Kp = 500.0,93,Time [s],Liquid Level [%],46.5,50.0,True
1,Kp = 500.0,94,Time [s],Liquid Level [%],47.0,50.0,True
1,Kp = 500.0,95,Time [s],Liquid Level [%],47.5,50.0,True
1,Kp = 500.0,96,Time [s],Liquid Level [%],48.0,50.0,True
1,Kp = 500.0,97,Time [s],Liquid Level [%],48.5,50.0,True
1,Kp = 500.0,98,Time [s],Liquid Level [%],49.0,50.0,True
1,Kp = 500.0,99,Time [s],Liquid Level [%],49.5,50.0,True
1,Kp = 500.0,100,Time [s],Liquid Level [%],50.0,50.125,True
1,Kp = 500.0,101,Time [s],Liquid Level [%],50.5,50.192675781249996,True
1,Kp = 500.0,102,Time [s],Liquid Level [%],51.0,50.28136665344238,True
1,Kp = 500.0,103,Time [s],Liquid Level [%],51.5,50.35753251216809,True
1,Kp = 500.0,104,Time [s],Liquid Level [%],52.0,50.43565044163296,True
1,Kp = 500.0,105,Time [s],Liquid Level [%],52.5,50.509586643926305,True
1,Kp = 500.0,106,Time [s],Liquid Level [%],53.0,50.58205185259037,True
1,Kp = 500.0,107,Time [s],Liquid Level [%],53.5,50.65195901556903,True
1,Kp = 500.0,108,Time [s],Liquid Level [%],54.0,50.719849451465514,True
1,Kp = 500.0,109,Time [s],Liquid Level [%],54.5,50.785563961355905,True
1,Kp = 500.0,110,Time [s],Liquid Level [%],55.0,50.84924242855513,True
1,Kp = 500.0,111,Time [s],Liquid Level [%],55.5,50.91089482052661,True
1,Kp = 500.0,112,Time [s],Liquid Level [%],56.0,50.97058534865132,True
1,Kp = 500.0,113,Time [s],Liquid Level [%],56.5,51.02835345810578,True
1,Kp = 500.0,114,Time [s],Liquid Level [%],57.0,51.084247770399195,True
1,Kp = 500.0,115,Time [s],Liquid Level [%],57.5,51.138311545640605,True
1,Kp = 500.0,116,Time [s],Liquid Level [%],58.0,51.190588952053616,True
1,Kp = 500.0,117,Time [s],Liquid Level [%],58.5,51.24112240433833,True
1,Kp = 500.0,118,Time [s],Liquid Level [%],59.0,51.289953734705165,True
1,Kp = 500.0,119,Time [s],Liquid Level [%],59.5,51.337123718320754,True
1,Kp = 500.0,120,Time [s],Liquid Level [%],60.0,51.382672304463725,True
1,Kp = 500.0,121,Time [s],Liquid Level [%],60.5,51.426638544218385,True
1,Kp = 500.0,122,Time [s],Liquid Level [%],61.0,51.4690606478575,True
1,Kp = 500.0,123,Time [s],Liquid Level [%],61.5,51.50997598601609,True
1,Kp = 500.0,124,Time [s],Liquid Level [%],62.0,51.549421114455264,True
1,Kp = 500.0,125,Time [s],Liquid Level [%],62.5,51.58743178817734,True
1,Kp = 500.0,126,Time [s],Liquid Level [%],63.0,51.624042979598286,True
1,Kp = 500.0,127,Time [s],Liquid Level [%],63.5,51.65928889447622,True
1,Kp = 500.0,128,Time [s],Liquid Level [%],64.0,51.693202988310894,True
1,Kp = 500.0,129,Time [s],Liquid Level [%],64.5,51.72581798205894,True
1,Kp = 500.0,130,Time [s],Liquid Level [%],65.0,51.75716587767075,True
1,Kp = 500.0,131,Time [s],Liquid Level [%],65.5,51.78727797324153,True
1,Kp = 500.0,132,Time [s],Liquid Level [%],66.0,51.816184877875095,True
1,Kp = 500.0,133,Time [s],Liquid Level [%],66.5,51.84391652622749,True
1,Kp = 500.0,134,Time [s],Liquid Level [%],67.0,51.87050219275364,True
1,Kp = 500.0,135,Time [s],Liquid Level [%],67.5,51.89597050565611,True
1,Kp = 500.0,136,Time [s],Liquid Level [%],68.0,51.92034946054499,True
1,Kp = 500.0,137,Time [s],Liquid Level [%],68.5,51.94366643381382,True
1,Kp = 500.0,138,Time [s],Liquid Level [%],69.0,51.96594819573765,True
1,Kp = 500.0,139,Time [s],Liquid Level [%],69.5,51.987220923299105,True
1,Kp = 500.0,140,Time [s],Liquid Level [%],70.0,52.00751021274772,True
1,Kp = 500.0,141,Time [s],Liquid Level [%],70.5,52.026841091898426,True
1,Kp = 500.0,142,Time [s],Liquid Level [%],71.0,52.04523803217429,True
1,Kp = 500.0,143,Time [s],Liquid Level [%],71.5,52.06272496039897,True
1,Kp = 500.0,144,Time [s],Liquid Level [%],72.0,52.07932527034384,True
1,Kp = 500.0,145,Time [s],Liquid Level [%],72.5,52.09506183403511,True
1,Kp = 500.0,146,Time [s],Liquid Level [%],73.0,52.109957012825625,True
1,Kp = 500.0,147,Time [s],Liquid Level [%],73.5,52.12403266823643,True
1,Kp = 500.0,148,Time [s],Liquid Level [%],74.0,52.13731017257265,True
1,Kp = 500.0,149,Time [s],Liquid Level [%],74.5,52.1498104193185,True
1,Kp = 500.0,150,Time [s],Liquid Level [%],75.0,52.161553833315885,True
1,Kp = 500.0,151,Time [s],Liquid Level [%],75.5,52.17256038073115,True
1,Kp = 500.0,152,Time [s],Liquid Level [%],76.0,52.182849578814185,True
1,Kp = 500.0,153,Time [s],Liquid Level [%],76.5,52.19244050545437,True
1,Kp = 500.0,154,Time [s],Liquid Level [%],77.0,52.201351808537446,True
1,Kp = 500.0,155,Time [s],Liquid Level [%],77.5,52.20960171510738,True
1,Kp = 500.0,156,Time [s],Liquid Level [%],78.0,52.21720804033739,True
1,Kp = 500.0,157,Time [s],Liquid Level [%],78.5,52.22418819631396,True
1,Kp = 500.0,158,Time [s],Liquid Level [%],79.0,52.230559200637636,True
1,Kp = 500.0,159,Time [s],Liquid Level [%],79.5,52.2363376848447,True
1,Kp = 500.0,160,Time [s],Liquid Level [%],80.0,52.24153990265297,True
1,Kp = 500.0,161,Time [s],Liquid Level [%],80.5,52.246181738035745,True
1,Kp = 500.0,162,Time [s],Liquid Level [%],81.0,52.250278713127244,True
1,Kp = 500.0,163,Time [s],Liquid Level [%],81.5,52.25384599596309,True
1,Kp = 500.0,164,Time [s],Liquid Level [%],82.0,52.25689840805917,True
1,Kp = 500.0,165,Time [s],Liquid Level [%],82.5,52.25945043183239,True
1,Kp = 500.0,166,Time [s],Liquid Level [%],83.0,52.2615162178663,True
1,Kp = 500.0,167,Time [s],Liquid Level [%],83.5,52.2631095920251,True
1,Kp = 500.0,168,Time [s],Liquid Level [%],84.0,52.264244062418996,True
1,Kp = 500.0,169,Time [s],Liquid Level [%],84.5,52.264932826223934,True
1,Kp = 500.0,170,Time [s],Liquid Level [%],85.0,52.2651887763589,True
1,Kp = 500.0,171,Time [s],Liquid Level [%],85.5,52.26502450802355,True
1,Kp = 500.0,172,Time [s],Liquid Level [%],86.0,52.26445232509918,True
1,Kp = 500.0,173,Time [s],Liquid Level [%],86.5,52.26348424641575,True
1,Kp = 500.0,174,Time [s],Liquid Level [%],87.0,52.2621320118879,True
1,Kp = 500.0,175,Time [s],Liquid Level [%],87.5,52.260407088522456,True
1,Kp = 500.0,176,Time [s],Liquid Level [%],88.0,52.258320676300265,True
1,Kp = 500.0,177,Time [s],Liquid Level [%],88.5,52.25588371393486,True
1,Kp = 500.0,178,Time [s],Liquid Level [%],89.0,52.253106884510515,True
1,Kp = 500.0,179,Time [s],Liquid Level [%],89.5,52.250000621002236,True
1,Kp = 500.0,180,Time [s],Liquid Level [%],90.0,52.24657511168006,True
1,Kp = 500.0,181,Time [s],Liquid Level [%],90.5,52.242840305400094,True
1,Kp = 500.0,182,Time [s],Liquid Level [%],91.0,52.23880591678468,True
1,Kp = 500.0,183,Time [s],Liquid Level [%],91.5,52.234481431293844,True
1,Kp = 500.0,184,Time [s],Liquid Level [%],92.0,52.22987611019049,True
1,Kp = 500.0,185,Time [s],Liquid Level [%],92.5,52.22499899540129,True
1,Kp = 500.0,186,Time [s],Liquid Level [%],93.0,52.2198589142757,True
1,Kp = 500.0,187,Time [s],Liquid Level [%],93.5,52.21446448424491,True
1,Kp = 500.0,188,Time [s],Liquid Level [%],94.0,52.208824117383124,True
1,Kp = 500.0,189,Time [s],Liquid Level [%],94.5,52.20294602487292,True
1,Kp = 500.0,190,Time [s],Liquid Level [%],95.0,52.19683822137685,True
1,Kp = 500.0,191,Time [s],Liquid Level [%],95.5,52.19050852931707,True
1,Kp = 500.0,192,Time [s],Liquid Level [%],96.0,52.183964583065155,True
1,Kp = 500.0,193,Time [s],Liquid Level [%],96.5,52.17721383304362,True
1,Kp = 500.0,194,Time [s],Liquid Level [%],97.0,52.1702635497413,True
1,Kp = 500.0,195,Time [s],Liquid Level [%],97.5,52.163120827644164,True
1,Kp = 500.0,196,Time [s],Liquid Level [%],98.0,52.15579258908337,True
1,Kp = 500.0,197,Time [s],Liquid Level [%],98.5,52.148285588002395,True
1,Kp = 500.0,198,Time [s],Liquid Level [%],99.0,52.14060641364466,True
1,Kp = 500.0,199,Time [s],Liquid Level [%],99.5,52.1327614941636,True
1,Kp = 500.0,200,Time [s],Liquid Level [%],100.0,52.124757100156536,True
1,Kp = 500.0,201,Time [s],Liquid Level [%],100.5,52.116599348124105,True
1,Kp = 500.0,202,Time [s],Liquid Level [%],101.0,52.10829420385667,True
1,Kp = 500.0,203,Time [s],Liquid Level [%],101.5,52.099847485749386,True
1,Kp = 500.0,204,Time [s],Liquid Level [%],102.0,52.09126486804709,True
1,Kp = 500.0,205,Time [s],Liquid Level [%],102.5,52.08255188402093,True
1,Kp = 500.0,206,Time [s],Liquid Level [%],103.0,52.07371392907767,True
1,Kp = 500.0,207,Time [s],Liquid Level [%],103.5,52.06475626380348,True
1,Kp = 500.0,208,Time [s],Liquid Level [%],104.0,52.055684016943225,True
1,Kp = 500.0,209,Time [s],Liquid Level [%],104.5,52.046502188316936,True
1,Kp = 500.0,210,Time [s],Liquid Level [%],105.0,52.03721565167439,True
1,Kp = 500.0,211,Time [s],Liquid Level [%],105.5,52.02782915748942,True
1,Kp = 500.0,212,Time [s],Liquid Level [%],106.0,52.01834733569508,True
1,Kp = 500.0,213,Time [s],Liquid Level [%],106.5,52.00877469836074,True
1,Kp = 500.0,214,Time [s],Liquid Level [%],107.0,51.999115642312624,True
1,Kp = 500.0,215,Time [s],Liquid Level [%],107.5,51.98937445169874,True
1,Kp = 500.0,216,Time [s],Liquid Level [%],108.0,51.97955530049937,True
1,Kp = 500.0,217,Time [s],Liquid Level [%],108.5,51.969662254984414,True
1,Kp = 500.0,218,Time [s],Liquid Level [%],109.0,51.95969927611852,True
1,Kp = 500.0,219,Time [s],Liquid Level [%],109.5,51.9496702219151,True
1,Kp = 500.0,220,Time [s],Liquid Level [%],110.0,51.939578849740506,True
1,Kp = 500.0,221,Time [s],Liquid Level [%],110.5,51.92942881856906,True
1,Kp = 500.0,222,Time [s],Liquid Level [%],111.0,51.91922369119026,True
1,Kp = 500.0,223,Time [s],Liquid Level [%],111.5,51.90896693636907,True
1,Kp = 500.0,224,Time [s],Liquid Level [%],112.0,51.898661930960074,True
1,Kp = 500.0,225,Time [s],Liquid Level [%],112.5,51.88831196197686,True
1,Kp = 500.0,226,Time [s],Liquid Level [%],113.0,51.8779202286171,True
1,Kp = 500.0,227,Time [s],Liquid Level [%],113.5,51.867489844244695,True
1,Kp = 500.0,228,Time [s],Liquid Level [%],114.0,51.85702383832946,True
1,Kp = 500.0,229,Time [s],Liquid Level [%],114.5,51.84652515834565,True
1,Kp = 500.0,230,Time [s],Liquid Level [%],115.0,51.835996671629744,True
1,Kp = 500.0,231,Time [s],Liquid Level [%],115.5,51.825441167198804,True
1,Kp = 500.0,232,Time [s],Liquid Level [%],116.0,51.81486135752979,True
1,Kp = 500.0,233,Time [s],Liquid Level [%],116.5,51.804259880301004,True
1,Kp = 500.0,234,Time [s],Liquid Level [%],117.0,51.79363930009616,True
1,Kp = 500.0,235,Time [s],Liquid Level [%],117.5,51.78300211007214,True
1,Kp = 500.0,236,Time [s],Liquid Level [%],118.0,51.77235073359094,True
1,Kp = 500.0,237,Time [s],Liquid Level [%],118.5,51.76168752581675,True
1,Kp = 500.0,238,Time [s],Liquid Level [%],119.0,51.75101477527871,True
1,Kp = 500.0,239,Time [s],Liquid Level [%],119.5,51.7403347054003,True
1,Kp = 500.0,240,Time [s],Liquid Level [%],120.0,51.729649475995785,True
1,Kp = 500.0,241,Time [s],Liquid Level [%],120.5,51.718961184734624,True
1,Kp = 500.0,242,Time [s],Liquid Level [%],121.0,51.70827186857442,True
1,Kp = 500.0,243,Time [s],Liquid Level [%],121.5,51.697583505163045,True
1,Kp = 500.0,244,Time [s],Liquid Level [%],122.0,51.68689801421067,True
1,Kp = 500.0,245,Time [s],Liquid Level [%],122.5,51.67621725883219,True
1,Kp = 500.0,246,Time [s],Liquid Level [%],123.0,51.665543046860876,True
1,Kp = 500.0,247,Time [s],Liquid Level [%],123.5,51.65487713213359,True
1,Kp = 500.0,248,Time [s],Liquid Level [%],124.0,51.64422121574843,True
1,Kp = 500.0,249,Time [s],Liquid Level [%],124.5,51.63357694729517,True
1,Kp = 500.0,250,Time [s],Liquid Level [%],125.0,51.62294592605915,True
1,Kp = 500.0,251,Time [s],Liquid Level [%],125.5,51.6123297021992,True
1,Kp = 500.0,252,Time [s],Liquid Level [%],126.0,51.601729777900104,True
1,Kp = 500.0,253,Time [s],Liquid Level [%],126.5,51.59114760850012,True
1,Kp = 500.0,254,Time [s],Liquid Level [%],127.0,51.580584603594126,True
1,Kp = 500.0,255,Time [s],Liquid Level [%],127.5,51.57004212811287,True
1,Kp = 500.0,256,Time [s],Liquid Level [%],128.0,51.559521503378825,True
1,Kp = 500.0,257,Time [s],Liquid Level [%],128.5,51.549024008139185,True
1,Kp = 500.0,258,Time [s],Liquid Level [%],129.0,51.53855087957642,True
1,Kp = 500.0,259,Time [s],Liquid Level [%],129.5,51.52810331429685,True
1,Kp = 500.0,260,Time [s],Liquid Level [%],130.0,51.517682469297824,True
1,Kp = 500.0,261,Time [s],Liquid Level [%],130.5,51.50728946291382,True
1,Kp = 500.0,262,Time [s],Liquid Level [%],131.0,51.49692537574192,True
1,Kp = 500.0,263,Time [s],Liquid Level [%],131.5,51.48659125154721,True
1,Kp = 500.0,264,Time [s],Liquid Level [%],132.0,51.47628809814836,True
1,Kp = 500.0,265,Time [s],Liquid Level [%],132.5,51.46601688828396,True
1,Kp = 500.0,266,Time [s],Liquid Level [%],133.0,51.4557785604599,True
1,Kp = 500.0,267,Time [s],Liquid Level [%],133.5,51.44557401977824,True
1,Kp = 500.0,268,Time [s],Liquid Level [%],134.0,51.435404138748,True
1,Kp = 500.0,269,Time [s],Liquid Level [%],134.5,51.42526975807813,True
1,Kp = 500.0,270,Time [s],Liquid Level [%],135.0,51.41517168745319,True
1,Kp = 500.0,271,Time [s],Liquid Level [%],135.5,51.40511070629196,True
1,Kp = 500.0,272,Time [s],Liquid Level [%],136.0,51.39508756448947,True
1,Kp = 500.0,273,Time [s],Liquid Level [%],136.5,51.385102983142694,True
1,Kp = 500.0,274,Time [s],Liquid Level [%],137.0,51.375157655260296,True
1,Kp = 500.0,275,Time [s],Liquid Level [%],137.5,51.36525224645677,True
1,Kp = 500.0,276,Time [s],Liquid Level [%],138.0,51.35538739563136,True
1,Kp = 500.0,277,Time [s],Liquid Level [%],138.5,51.34556371563184,True
1,Kp = 500.0,278,Time [s],Liquid Level [%],139.0,51.3357817939039,True
1,Kp = 500.0,279,Time [s],Liquid Level [%],139.5,51.326042193125964,True
1,Kp = 500.0,280,Time [s],Liquid Level [%],140.0,51.31634545183016,True
1,Kp = 500.0,281,Time [s],Liquid Level [%],140.5,51.306692085009374,True
1,Kp = 500.0,282,Time [s],Liquid Level [%],141.0,51.29708258471106,True
1,Kp = 500.0,283,Time [s],Liquid Level [%],141.5,51.28751742061771,True
1,Kp = 500.0,284,Time [s],Liquid Level [%],142.0,51.277997040614565,True
1,Kp = 500.0,285,Time [s],Liquid Level [%],142.5,51.26852187134463,True
1,Kp = 500.0,286,Time [s],Liquid Level [%],143.0,51.25909231875144,True
1,Kp = 500.0,287,Time [s],Liquid Level [%],143.5,51.24970876860966,True
1,Kp = 500.0,288,Time [s],Liquid Level [%],144.0,51.24037158704387,True
1,Kp = 500.0,289,Time [s],Liquid Level [%],144.5,51.23108112103586,True
1,Kp = 500.0,290,Time [s],Liquid Level [%],145.0,51.2218376989205,True
1,Kp = 500.0,291,Time [s],Liquid Level [%],145.5,51.21264163087059,True
1,Kp = 500.0,292,Time [s],Liquid Level [%],146.0,51.20349320937079,True
1,Kp = 500.0,293,Time [s],Liquid Level [%],146.5,51.19439270968099,True
1,Kp = 500.0,294,Time [s],Liquid Level [%],147.0,51.185340390289284,True
1,Kp = 500.0,295,Time [s],Liquid Level [%],147.5,51.176336493354725,True
1,Kp = 500.0,296,Time [s],Liquid Level [%],148.0,51.16738124514014,True
1,Kp = 500.0,297,Time [s],Liquid Level [%],148.5,51.15847485643526,True
1,Kp = 500.0,298,Time [s],Liquid Level [%],149.0,51.14961752297018,True
1,Kp = 500.0,299,Time [s],Liquid Level [%],149.5,51.140809425819626,True
1,Kp = 500.0,300,Time [s],Liquid Level [%],150.0,51.132050731797975,True
1,Kp = 500.0,301,Time [s],Liquid Level [%],150.5,51.12334159384544,True
1,Kp = 500.0,302,Time [s],Liquid Level [%],151.0,51.1146821514054,True
1,Kp = 500.0,303,Time [s],Liquid Level [%],151.5,51.106072530793234,True
1,Kp = 500.0,304,Time [s],Liquid Level [%],152.0,51.097512845556736,True
1,Kp = 500.0,305,Time [s],Liquid Level [%],152.5,51.089003196828365,True
1,Kp = 500.0,306,Time [s],Liquid Level [%],153.0,51.080543673669446,True
1,Kp = 500.0,307,Time [s],Liquid Level [%],153.5,51.072134353406526,True
1,Kp = 500.0,308,Time [s],Liquid Level [%],154.0,51.06377530196002,True
1,Kp = 500.0,309,Time [s],Liquid Level [%],154.5,51.05546657416541,True
1,Kp = 500.0,310,Time [s],Liquid Level [%],155.0,51.04720821408692,True
1,Kp = 500.0,311,Time [s],Liquid Level [%],155.5,51.03900025532424,True
1,Kp = 500.0,312,Time [s],Liquid Level [%],156.0,51.03084272131192,True
1,Kp = 500.0,313,Time [s],Liquid Level [%],156.5,51.02273562561213,True
1,Kp = 500.0,314,Time [s],Liquid Level [%],157.0,51.014678972200436,True
1,Kp = 500.0,315,Time [s],Liquid Level [%],157.5,51.00667275574517,True
1,Kp = 500.0,316,Time [s],Liquid Level [%],158.0,50.998716961880234,True
1,Kp = 500.0,317,Time [s],Liquid Level [%],158.5,50.99081156747154,True
1,Kp = 500.0,318,Time [s],Liquid Level [%],159.0,50.9829565408774,True
1,Kp = 500.0,319,Time [s],Liquid Level [%],159.5,50.97515184220277,True
1,Kp = 500.0,320,Time [s],Liquid Level [%],160.0,50.967397423547546,True
1,Kp = 500.0,321,Time [s],Liquid Level [%],160.5,50.95969322924916,True
1,Kp = 500.0,322,Time [s],Liquid Level [%],161.0,50.9520391961194,True
1,Kp = 500.0,323,Time [s],Liquid Level [%],161.5,50.9444352536758,True
1,Kp = 500.0,324,Time [s],Liquid Level [%],162.0,50.93688132436748,True
1,Kp = 500.0,325,Time [s],Liquid Level [%],162.5,50.92937732379574,True
1,Kp = 500.0,326,Time [s],Liquid Level [%],163.0,50.921923160929516,True
1,Kp = 500.0,327,Time [s],Liquid Level [%],163.5,50.91451873831559,True
1,Kp = 500.0,328,Time [s],Liquid Level [%],164.0,50.907163952284016,True
1,Kp = 500.0,329,Time [s],Liquid Level [%],164.5,50.899858693148545,True
1,Kp = 500.0,330,Time [s],Liquid Level [%],165.0,50.89260284540234,True
1,Kp = 500.0,331,Time [s],Liquid Level [%],165.5,50.88539628790903,True
1,Kp = 500.0,332,Time [s],Liquid Level [%],166.0,50.878238894089264,True
1,Kp = 500.0,333,Time [s],Liquid Level [%],166.5,50.87113053210268,True
1,Kp = 500.0,334,Time [s],Liquid Level [%],167.0,50.86407106502564,True
1,Kp = 500.0,335,Time [s],Liquid Level [%],167.5,50.85706035102464,True
1,Kp = 500.0,336,Time [s],Liquid Level [%],168.0,50.850098243525586,True
1,Kp = 500.0,337,Time [s],Liquid Level [%],168.5,50.84318459137893,True
1,Kp = 500.0,338,Time [s],Liquid Level [%],169.0,50.83631923902089,True
1,Kp = 500.0,339,Time [s],Liquid Level [%],169.5,50.82950202663068,True
1,Kp = 500.0,340,Time [s],Liquid Level [%],170.0,50.82273279028403,True
1,Kp = 500.0,341,Time [s],Liquid Level [%],170.5,50.81601136210288,True
1,Kp = 500.0,342,Time [s],Liquid Level [%],171.0,50.809337570401425,True
1,Kp = 500.0,343,Time [s],Liquid Level [%],171.5,50.8027112398287,True
1,Kp = 500.0,344,Time [s],Liquid Level [%],172.0,50.7961321915075,True
1,Kp = 500.0,345,Time [s],Liquid Level [%],172.5,50.78960024317001,True
1,Kp = 500.0,346,Time [s],Liquid Level [%],173.0,50.783115209290045,True
1,Kp = 500.0,347,Time [s],Liquid Level [%],173.5,50.776676901212014,True
1,Kp = 500.0,348,Time [s],Liquid Level [%],174.0,50.77028512727675,True
1,Kp = 500.0,349,Time [s],Liquid Level [%],174.5,50.76393969294407,True
1,Kp = 500.0,350,Time [s],Liquid Level [%],175.0,50.75764040091247,True
1,Kp = 500.0,351,Time [s],Liquid Level [%],175.5,50.75138705123566,True
1,Kp = 500.0,352,Time [s],Liquid Level [%],176.0,50.745179441436306,True
1,Kp = 500.0,353,Time [s],Liquid Level [%],176.5,50.73901736661678,True
1,Kp = 500.0,354,Time [s],Liquid Level [%],177.0,50.732900619567246,True
1,Kp = 500.0,355,Time [s],Liquid Level [%],177.5,50.72682899087093,True
1,Kp = 500.0,356,Time [s],Liquid Level [%],178.0,50.72080226900675,True
1,Kp = 500.0,357,Time [s],Liquid Level [%],178.5,50.7148202404493,True
1,Kp = 500.0,358,Time [s],Liquid Level [%],179.0,50.70888268976632,True
1,Kp = 500.0,359,Time [s],Liquid Level [%],179.5,50.70298939971364,True
1,Kp = 500.0,360,Time [s],Liquid Level [%],180.0,50.69714015132769,True
1,Kp = 500.0,361,Time [s],Liquid Level [%],180.5,50.69133472401561,True
1,Kp = 500.0,362,Time [s],Liquid Level [%],181.0,50.68557289564304,True
1,Kp = 500.0,363,Time [s],Liquid Level [%],181.5,50.67985444261962,True
1,Kp = 500.0,364,Time [s],Liquid Level [%],182.0,50.674179139982265,True
1,Kp = 500.0,365,Time [s],Liquid Level [%],182.5,50.66854676147624,True
1,Kp = 500.0,366,Time [s],Liquid Level [%],183.0,50.66295707963411,True
1,Kp = 500.0,367,Time [s],Liquid Level [%],183.5,50.65740986585262,True
1,Kp = 500.0,368,Time [s],Liquid Level [%],184.0,50.651904890467534,True
1,Kp = 500.0,369,Time [s],Liquid Level [%],184.5,50.64644192282643,True
1,Kp = 500.0,370,Time [s],Liquid Level [%],185.0,50.641020731359646,True
1,Kp = 500.0,371,Time [s],Liquid Level [%],185.5,50.63564108364922,True
1,Kp = 500.0,372,Time [s],Liquid Level [%],186.0,50.630302746496035,True
1,Kp = 500.0,373,Time [s],Liquid Level [%],186.5,50.625005485985156,True
1,Kp = 500.0,374,Time [s],Liquid Level [%],187.0,50.61974906754929,True
1,Kp = 500.0,375,Time [s],Liquid Level [%],187.5,50.61453325603066,True
1,Kp = 500.0,376,Time [s],Liquid Level [%],188.0,50.60935781574103,True
1,Kp = 500.0,377,Time [s],Liquid Level [%],188.5,50.6042225105202,True
1,Kp = 500.0,378,Time [s],Liquid Level [%],189.0,50.599127103792796,True
1,Kp = 500.0,379,Time [s],Liquid Level [%],189.5,50.594071358623495,True
1,Kp = 500.0,380,Time [s],Liquid Level [%],190.0,50.58905503777073,True
1,Kp = 500.0,381,Time [s],Liquid Level [%],190.5,50.584077903738844,True
1,Kp = 500.0,382,Time [s],Liquid Level [%],191.0,50.57913971882883,True
1,Kp = 500.0,383,Time [s],Liquid Level [%],191.5,50.57424024518751,True
1,Kp = 500.0,384,Time [s],Liquid Level [%],192.0,50.569379244855426,True
1,Kp = 500.0,385,Time [s],Liquid Level [%],192.5,50.56455647981333,True
1,Kp = 500.0,386,Time [s],Liquid Level [%],193.0,50.5597717120272,True
1,Kp = 500.0,387,Time [s],Liquid Level [%],193.5,50.555024703492165,True
1,Kp = 500.0,388,Time [s],Liquid Level [%],194.0,50.550315216274946,True
1,Kp = 500.0,389,Time [s],Liquid Level [%],194.5,50.54564301255511,True
1,Kp = 500.0,390,Time [s],Liquid Level [%],195.0,50.54100785466517,True
1,Kp = 500.0,391,Time [s],Liquid Level [%],195.5,50.53640950512936,True
1,Kp = 500.0,392,Time [s],Liquid Level [%],196.0,50.53184772670137,True
1,Kp = 500.0,393,Time [s],Liquid Level [%],196.5,50.5273222824008,True
1,Kp = 500.0,394,Time [s],Liquid Level [%],197.0,50.522832935548614,True
1,Kp = 500.0,395,Time [s],Liquid Level [%],197.5,50.51837944980148,True
1,Kp = 500.0,396,Time [s],Liquid Level [%],198.0,50.51396158918497,True
1,Kp = 500.0,397,Time [s],Liquid Level [%],198.5,50.50957911812588,True
1,Kp = 500.0,398,Time [s],Liquid Level [%],199.0,50.50523180148332,True
1,Kp = 500.0,399,Time [s],Liquid Level [%],199.5,50.500919404579,True
1,Kp = 500.0,400,Time [s],Liquid Level [%],200.0,50.49664169322649,True
1,Kp = 500.0,401,Time [s],Liquid Level [%],200.5,50.492398433759476,True
1,Kp = 500.0,402,Time [s],Liquid Level [%],201.0,50.488189393059166,True
1,Kp = 500.0,403,Time [s],Liquid Level [%],201.5,50.484014338580806,True
1,Kp = 500.0,404,Time [s],Liquid Level [%],202.0,50.47987303837922,True
1,Kp = 500.0,405,Time [s],Liquid Level [%],202.5,50.47576526113363,True
1,Kp = 500.0,406,Time [s],Liquid Level [%],203.0,50.47169077617153,True
1,Kp = 500.0,407,Time [s],Liquid Level [%],203.5,50.46764935349176,True
1,Kp = 500.0,408,Time [s],Liquid Level [%],204.0,50.46364076378688,True
1,Kp = 500.0,409,Time [s],Liquid Level [%],204.5,50.459664778464585,True
1,Kp = 500.0,410,Time [s],Liquid Level [%],205.0,50.455721169668585,True
1,Kp = 500.0,411,Time [s],Liquid Level [%],205.5,50.451809710298534,True
1,Kp = 500.0,412,Time [s],Liquid Level [%],206.0,50.447930174029366,True
1,Kp = 500.0,413,Time [s],Liquid Level [%],206.5,50.44408233532989,True
1,Kp = 500.0,414,Time [s],Liquid Level [%],207.0,50.44026596948069,True
1,Kp = 500.0,415,Time [s],Liquid Level [%],207.5,50.43648085259138,True
1,Kp = 500.0,416,Time [s],Liquid Level [%],208.0,50.43272676161714,True
1,Kp = 500.0,417,Time [s],Liquid Level [%],208.5,50.42900347437471,True
1,Kp = 500.0,418,Time [s],Liquid Level [%],209.0,50.425310769557676,True
1,Kp = 500.0,419,Time [s],Liquid Level [%],209.5,50.4216484267512,True
1,Kp = 500.0,420,Time [s],Liquid Level [%],210.0,50.41801622644611,True
1,Kp = 500.0,421,Time [s],Liquid Level [%],210.5,50.41441395005253,True
1,Kp = 500.0,422,Time [s],Liquid Level [%],211.0,50.41084137991273,True
1,Kp = 500.0,423,Time [s],Liquid Level [%],211.5,50.407298299313666,True
1,Kp = 500.0,424,Time [s],Liquid Level [%],212.0,50.4037844924988,True
1,Kp = 500.0,425,Time [s],Liquid Level [%],212.5,50.40029974467956,True
1,Kp = 500.0,426,Time [s],Liquid Level [%],213.0,50.39684384204609,True
1,Kp = 500.0,427,Time [s],Liquid Level [%],213.5,50.39341657177775,True
1,Kp = 500.0,428,Time [s],Liquid Level [%],214.0,50.39001772205288,True
1,Kp = 500.0,429,Time [s],Liquid Level [%],214.5,50.386647082058325,True
1,Kp = 500.0,430,Time [s],Liquid Level [%],215.0,50.38330444199829,True
1,Kp = 500.0,431,Time [s],Liquid Level [%],215.5,50.379989593102934,True
1,Kp = 500.0,432,Time [s],Liquid Level [%],216.0,50.3767023276364,True
1,Kp = 500.0,433,Time [s],Liquid Level [%],216.5,50.37344243890447,True
1,Kp = 500.0,434,Time [s],Liquid Level [%],217.0,50.37020972126183,True
1,Kp = 500.0,435,Time [s],Liquid Level [%],217.5,50.36700397011884,True
1,Kp = 500.0,436,Time [s],Liquid Level [%],218.0,50.36382498194807,True
1,Kp = 500.0,437,Time [s],Liquid Level [%],218.5,50.360672554290275,True
1,Kp = 500.0,438,Time [s],Liquid Level [%],219.0,50.35754648576014,True
1,Kp = 500.0,439,Time [s],Liquid Level [%],219.5,50.35444657605157,True
1,Kp = 500.0,440,Time [s],Liquid Level [%],220.0,50.351372625942695,True
1,Kp = 500.0,441,Time [s],Liquid Level [%],220.5,50.34832443730046,True
1,Kp = 500.0,442,Time [s],Liquid Level [%],221.0,50.34530181308501,True
1,Kp = 500.0,443,Time [s],Liquid Level [%],221.5,50.34230455735356,True
1,Kp = 500.0,444,Time [s],Liquid Level [%],222.0,50.3393324752641,True
1,Kp = 500.0,445,Time [s],Liquid Level [%],222.5,50.33638537307878,True
1,Kp = 500.0,446,Time [s],Liquid Level [%],223.0,50.33346305816687,True
1,Kp = 500.0,447,Time [s],Liquid Level [%],223.5,50.33056533900765,True
1,Kp = 500.0,448,Time [s],Liquid Level [%],224.0,50.32769202519274,True
1,Kp = 500.0,449,Time [s],Liquid Level [%],224.5,50.32484292742843,True
1,Kp = 500.0,450,Time [s],Liquid Level [%],225.0,50.322017857537524,True
1,Kp = 500.0,451,Time [s],Liquid Level [%],225.5,50.31921662846109,True
1,Kp = 500.0,452,Time [s],Liquid Level [%],226.0,50.31643905425982,True
1,Kp = 500.0,453,Time [s],Liquid Level [%],226.5,50.313684950115245,True
1,Kp = 500.0,454,Time [s],Liquid Level [%],227.0,50.31095413233064,True
1,Kp = 500.0,455,Time [s],Liquid Level [%],227.5,50.308246418331784,True
1,Kp = 500.0,456,Time [s],Liquid Level [%],228.0,50.30556162666737,True
1,Kp = 500.0,457,Time [s],Liquid Level [%],228.5,50.30289957700934,True
1,Kp = 500.0,458,Time [s],Liquid Level [%],229.0,50.30026009015289,True
1,Kp = 500.0,459,Time [s],Liquid Level [%],229.5,50.297642988016335,True
1,Kp = 500.0,460,Time [s],Liquid Level [%],230.0,50.295048093640716,True
1,Kp = 500.0,461,Time [s],Liquid Level [%],230.5,50.29247523118929,True
1,Kp = 500.0,462,Time [s],Liquid Level [%],231.0,50.28992422594681,True
1,Kp = 500.0,463,Time [s],Liquid Level [%],231.5,50.28739490431854,True
1,Kp = 500.0,464,Time [s],Liquid Level [%],232.0,50.28488709382919,True
1,Kp = 500.0,465,Time [s],Liquid Level [%],232.5,50.28240062312166,True
1,Kp = 500.0,466,Time [s],Liquid Level [%],233.0,50.279935321955584,True
1,Kp = 500.0,467,Time [s],Liquid Level [%],233.5,50.27749102120572,True
1,Kp = 500.0,468,Time [s],Liquid Level [%],234.0,50.27506755286024,True
1,Kp = 500.0,469,Time [s],Liquid Level [%],234.5,50.272664750018784,True
1,Kp = 500.0,470,Time [s],Liquid Level [%],235.0,50.27028244689039,True
1,Kp = 500.0,471,Time [s],Liquid Level [%],235.5,50.26792047879136,True
1,Kp = 500.0,472,Time [s],Liquid Level [%],236.0,50.265578682142866,True
1,Kp = 500.0,473,Time [s],Liquid Level [%],236.5,50.26325689446853,True
1,Kp = 500.0,474,Time [s],Liquid Level [%],237.0,50.26095495439179,True
1,Kp = 500.0,475,Time [s],Liquid Level [%],237.5,50.25867270163321,True
1,Kp = 500.0,476,Time [s],Liquid Level [%],238.0,50.25640997700762,True
1,Kp = 500.0,477,Time [s],Liquid Level [%],238.5,50.25416662242117,True
1,Kp = 500.0,478,Time [s],Liquid Level [%],239.0,50.25194248086826,True
1,Kp = 500.0,479,Time [s],Liquid Level [%],239.5,50.24973739642835,True
1,Kp = 500.0,480,Time [s],Liquid Level [%],240.0,50.2475512142627,True
1,Kp = 500.0,481,Time [s],Liquid Level [%],240.5,50.245383780610965,True
1,Kp = 500.0,482,Time [s],Liquid Level [%],241.0,50.243234942787716,True
1,Kp = 500.0,483,Time [s],Liquid Level [%],241.5,50.241104549178885,True
1,Kp = 500.0,484,Time [s],Liquid Level [%],242.0,50.23899244923806,True
1,Kp = 500.0,485,Time [s],Liquid Level [%],242.5,50.236898493482784,True
1,Kp = 500.0,486,Time [s],Liquid Level [%],243.0,50.23482253349065,True
1,Kp = 500.0,487,Time [s],Liquid Level [%],243.5,50.23276442189546,True
1,Kp = 500.0,488,Time [s],Liquid Level [%],244.0,50.230724012383135,True
1,Kp = 500.0,489,Time [s],Liquid Level [%],244.5,50.22870115968774,True
1,Kp = 500.0,490,Time [s],Liquid Level [%],245.0,50.22669571958727,True
1,Kp = 500.0,491,Time [s],Liquid Level [%],245.5,50.22470754889945,True
1,Kp = 500.0,492,Time [s],Liquid Level [%],246.0,50.22273650547749,True
1,Kp = 500.0,493,Time [s],Liquid Level [%],246.5,50.2207824482057,True
1,Kp = 500.0,494,Time [s],Liquid Level [%],247.0,50.21884523699512,True
1,Kp = 500.0,495,Time [s],Liquid Level [%],247.5,50.21692473277901,True
1,Kp = 500.0,496,Time [s],Liquid Level [%],248.0,50.21502079750838,True
1,Kp = 500.0,497,Time [s],Liquid Level [%],248.5,50.2131332941474,True
1,Kp = 500.0,498,Time [s],Liquid Level [%],249.0,50.21126208666874,True
1,Kp = 500.0,499,Time [s],Liquid Level [%],249.5,50.209407040048994,True
1,Kp = 500.0,500,Time [s],Liquid Level [%],250.0,50.207568020263835,True
1,Kp = 500.0,501,Time [s],Liquid Level [%],250.5,50.20574489428338,True
1,Kp = 500.0,502,Time [s],Liquid Level [%],251.0,50.20393753006726,True
1,Kp = 500.0,503,Time [s],Liquid Level [%],251.5,50.20214579655988,True
1,Kp = 500.0,504,Time [s],Liquid Level [%],252.0,50.20036956368548,True
1,Kp = 500.0,505,Time [s],Liquid Level [%],252.5,50.19860870234323,True
1,Kp = 500.0,506,Time [s],Liquid Level [%],253.0,50.196863084402274,True
1,Kp = 500.0,507,Time [s],Liquid Level [%],253.5,50.19513258269676,True
1,Kp = 500.0,508,Time [s],Liquid Level [%],254.0,50.1934170710208,True
1,Kp = 500.0,509,Time [s],Liquid Level [%],254.5,50.191716424123435,True
1,Kp = 500.0,510,Time [s],Liquid Level [%],255.0,50.1900305177036,True
1,Kp = 500.0,511,Time [s],Liquid Level [%],255.5,50.18835922840496,True
1,Kp = 500.0,512,Time [s],Liquid Level [%],256.0,50.18670243381088,True
1,Kp = 500.0,513,Time [s],Liquid Level [%],256.5,50.18506001243919,True
1,Kp = 500.0,514,Time [s],Liquid Level [%],257.0,50.18343184373708,True
1,Kp = 500.0,515,Time [s],Liquid Level [%],257.5,50.18181780807593,True
1,Kp = 500.0,516,Time [s],Liquid Level [%],258.0,50.18021778674606,True
1,Kp = 500.0,517,Time [s],Liquid Level [%],258.5,50.17863166195161,True
1,Kp = 500.0,518,Time [s],Liquid Level [%],259.0,50.177059316805206,True
1,Kp = 500.0,519,Time [s],Liquid Level [%],259.5,50.1755006353228,True
1,Kp = 500.0,520,Time [s],Liquid Level [%],260.0,50.17395550241838,True
1,Kp = 500.0,521,Time [s],Liquid Level [%],260.5,50.172423803898724,True
1,Kp = 500.0,522,Time [s],Liquid Level [%],261.0,50.170905426458134,True
1,Kp = 500.0,523,Time [s],Liquid Level [%],261.5,50.16940025767316,True
1,Kp = 500.0,524,Time [s],Liquid Level [%],262.0,50.16790818599728,True
1,Kp = 500.0,525,Time [s],Liquid Level [%],262.5,50.16642910075567,True
1,Kp = 500.0,526,Time [s],Liquid Level [%],263.0,50.164962892139854,True
1,Kp = 500.0,527,Time [s],Liquid Level [%],263.5,50.16350945120246,True
1,Kp = 500.0,528,Time [s],Liquid Level [%],264.0,50.16206866985187,True
1,Kp = 500.0,529,Time [s],Liquid Level [%],264.5,50.16064044084694,True
1,Kp = 500.0,530,Time [s],Liquid Level [%],265.0,50.15922465779171,True
1,Kp = 500.0,531,Time [s],Liquid Level [%],265.5,50.15782121513011,True
1,Kp = 500.0,532,Time [s],Liquid Level [%],266.0,50.15643000814063,True
1,Kp = 500.0,533,Time [s],Liquid Level [%],266.5,50.15505093293105,True
1,Kp = 500.0,534,Time [s],Liquid Level [%],267.0,50.15368388643311,True
1,Kp = 500.0,535,Time [s],Liquid Level [%],267.5,50.15232876639731,True
1,Kp = 500.0,536,Time [s],Liquid Level [%],268.0,50.150985471387536,True
1,Kp = 500.0,537,Time [s],Liquid Level [%],268.5,50.14965390077582,True
1,Kp = 500.0,538,Time [s],Liquid Level [%],269.0,50.14833395473707,True
1,Kp = 500.0,539,Time [s],Liquid Level [%],269.5,50.14702553424382,True
1,Kp = 500.0,540,Time [s],Liquid Level [%],270.0,50.145728541060954,True
1,Kp = 500.0,541,Time [s],Liquid Level [%],270.5,50.14444287774048,True
1,Kp = 500.0,542,Time [s],Liquid Level [%],271.0,50.14316844761628,True
1,Kp = 500.0,543,Time [s],Liquid Level [%],271.5,50.14190515479891,True
1,Kp = 500.0,544,Time [s],Liquid Level [%],272.0,50.14065290417036,True
1,Kp = 500.0,545,Time [s],Liquid Level [%],272.5,50.13941160137886,True
1,Kp = 500.0,546,Time [s],Liquid Level [%],273.0,50.1381811528337,True
1,Kp = 500.0,547,Time [s],Liquid Level [%],273.5,50.13696146570007,True
1,Kp = 500.0,548,Time [s],Liquid Level [%],274.0,50.13575244789384,True
1,Kp = 500.0,549,Time [s],Liquid Level [%],274.5,50.13455400807649,True
1,Kp = 500.0,550,Time [s],Liquid Level [%],275.0,50.133366055649894,True
1,Kp = 500.0,551,Time [s],Liquid Level [%],275.5,50.13218850075126,True
1,Kp = 500.0,552,Time [s],Liquid Level [%],276.0,50.13102125424802,True
1,Kp = 500.0,553,Time [s],Liquid Level [%],276.5,50.1298642277327,True
1,Kp = 500.0,554,Time [s],Liquid Level [%],277.0,50.12871733351791,True
1,Kp = 500.0,555,Time [s],Liquid Level [%],277.5,50.12758048463125,True
1,Kp = 500.0,556,Time [s],Liquid Level [%],278.0,50.126453594810286,True
1,Kp = 500.0,557,Time [s],Liquid Level [%],278.5,50.125336578497496,True
1,Kp = 500.0,558,Time [s],Liquid Level [%],279.0,50.12422935083535,True
1,Kp = 500.0,559,Time [s],Liquid Level [%],279.5,50.12313182766124,True
1,Kp = 500.0,560,Time [s],Liquid Level [%],280.0,50.12204392550259,True
1,Kp = 500.0,561,Time [s],Liquid Level [%],280.5,50.120965561571836,True
1,Kp = 500.0,562,Time [s],Liquid Level [%],281.0,50.119896653761586,True
1,Kp = 500.0,563,Time [s],Liquid Level [%],281.5,50.11883712063964,True
1,Kp = 500.0,564,Time [s],Liquid Level [%],282.0,50.11778688144414,True
1,Kp = 500.0,565,Time [s],Liquid Level [%],282.5,50.11674585607872,True
1,Kp = 500.0,566,Time [s],Liquid Level [%],283.0,50.115713965107645,True
1,Kp = 500.0,567,Time [s],Liquid Level [%],283.5,50.11469112975098,True
1,Kp = 500.0,568,Time [s],Liquid Level [%],284.0,50.113677271879794,True
1,Kp = 500.0,569,Time [s],Liquid Level [%],284.5,50.112672314011405,True
1,Kp = 500.0,570,Time [s],Liquid Level [%],285.0,50.111676179304595,True
1,Kp = 500.0,571,Time [s],Liquid Level [%],285.5,50.11068879155489,True
1,Kp = 500.0,572,Time [s],Liquid Level [%],286.0,50.10971007518983,True
1,Kp = 500.0,573,Time [s],Liquid Level [%],286.5,50.10873995526429,True
1,Kp = 500.0,574,Time [s],Liquid Level [%],287.0,50.107778357455835,True
1,Kp = 500.0,575,Time [s],Liquid Level [%],287.5,50.10682520806002,True
1,Kp = 500.0,576,Time [s],Liquid Level [%],288.0,50.10588043398584,True
1,Kp = 500.0,577,Time [s],Liquid Level [%],288.5,50.10494396275105,True
1,Kp = 500.0,578,Time [s],Liquid Level [%],289.0,50.104015722477655,True
1,Kp = 500.0,579,Time [s],Liquid Level [%],289.5,50.10309564188734,True
1,Kp = 500.0,580,Time [s],Liquid Level [%],290.0,50.102183650296936,True
1,Kp = 500.0,581,Time [s],Liquid Level [%],290.5,50.10127967761391,True
1,Kp = 500.0,582,Time [s],Liquid Level [%],291.0,50.10038365433188,True
1,Kp = 500.0,583,Time [s],Liquid Level [%],291.5,50.09949551152621,True
1,Kp = 500.0,584,Time [s],Liquid Level [%],292.0,50.09861518084949,True
1,Kp = 500.0,585,Time [s],Liquid Level [%],292.5,50.097742594527226,True
1,Kp = 500.0,586,Time [s],Liquid Level [%],293.0,50.09687768535338,True
1,Kp = 500.0,587,Time [s],Liquid Level [%],293.5,50.09602038668605,True
1,Kp = 500.0,588,Time [s],Liquid Level [%],294.0,50.09517063244311,True
1,Kp = 500.0,589,Time [s],Liquid Level [%],294.5,50.09432835709793,True
1,Kp = 500.0,590,Time [s],Liquid Level [%],295.0,50.09349349567507,True
1,Kp = 500.0,591,Time [s],Liquid Level [%],295.5,50.09266598374603,True
1,Kp = 500.0,592,Time [s],Liquid Level [%],296.0,50.091845757425006,True
1,Kp = 500.0,593,Time [s],Liquid Level [%],296.5,50.091032753364686,True
1,Kp = 500.0,594,Time [s],Liquid Level [%],297.0,50.090226908752065,True
1,Kp = 500.0,595,Time [s],Liquid Level [%],297.5,50.08942816130427,True
1,Kp = 500.0,596,Time [s],Liquid Level [%],298.0,50.088636449264456,True
1,Kp = 500.0,597,Time [s],Liquid Level [%],298.5,50.08785171139765,True
1,Kp = 500.0,598,Time [s],Liquid Level [%],299.0,50.08707388698669,True
1,Kp = 500.0,599,Time [s],Liquid Level [%],299.5,50.086302915828185,True
1,Setpoint,0,Time [s],Liquid Level [%],0.0,50.0,True
1,Setpoint,1,Time [s],Liquid Level [%],1.0,50.0,True
1,Curve 5,0,Time [s],Liquid Level [%],50.0,0.0,True
1,Curve 5,1,Time [s],Liquid Level [%],50.0,1.0,True
